date, pm25, o3
2025/10/1, 39, 54
2025/10/2, 41, 44
2025/10/3, 40, 44
2025/10/4, 49, 36
2025/10/5, 28, 31
2025/10/6, 23, 15
2025/10/7, 16, 32
2025/10/8, 17, 34
2025/10/9, 14, 37
2025/10/10, 21, 32
2025/10/11, 25, 40
2025/10/12, 22, 38
2025/10/13, 31, 45
2025/10/14, 44, 33
2025/10/15, 23, 
2025/7/1, 28, 41
2025/7/2, 42, 45
2025/7/3, 38, 50
2025/7/4, 50, 50
2025/7/5, 55, 31
2025/7/6, 42, 32
2025/7/7, 59, 37
2025/7/8, 52, 36
2025/7/9, 23, 38
2025/7/10, 27, 38
2025/7/11, 29, 37
2025/7/12, 16, 28
2025/7/13, 57, 35
2025/7/14, 41, 36
2025/7/15, 34, 29
2025/7/16, 21, 25
2025/7/17, 19, 33
2025/7/18, 18, 33
2025/7/19, 20, 29
2025/7/20, 19, 25
2025/7/21, 29, 35
2025/7/22, 47, 26
2025/7/23, 53, 29
2025/7/24, 38, 33
2025/7/25, 14, 27
2025/7/26, 23, 29
2025/7/27, 18, 30
2025/7/28, 17, 37
2025/7/29, 22, 29
2025/7/30, 20, 46
2025/7/31, 115, 41
2025/8/1, 147, 34
2025/8/2, 74, 35
2025/8/3, 41, 29
2025/8/4, 34, 43
2025/8/5, 43, 41
2025/8/6, 39, 34
2025/8/7, 38, 40
2025/8/8, 46, 32
2025/8/9, 38, 30
2025/8/10, 30, 33
2025/8/11, 33, 34
2025/8/12, 29, 26
2025/8/13, 42, 35
2025/8/14, 51, 39
2025/8/15, 48, 32
2025/8/16, 40, 34
2025/8/17, 29, 39
2025/8/18, 41, 27
2025/8/19, 18, 31
2025/8/20, 14, 41
2025/8/21, 14, 31
2025/8/22, 19, 26
2025/8/23, 21, 22
2025/8/24, 17, 22
2025/8/25, 14, 27
2025/8/26, 17, 29
2025/8/27, 21, 38
2025/8/28, 26, 27
2025/8/29, 18, 31
2025/8/30, 18, 34
2025/8/31, 20, 37
2025/9/1, 21, 37
2025/9/2, 25, 33
2025/9/3, 33, 27
2025/9/4, 56, 20
2025/9/5, 35, 23
2025/9/6, 16, 21
2025/9/7, 19, 30
2025/9/8, 15, 40
2025/9/9, 21, 45
2025/9/10, 29, 47
2025/9/11, 37, 49
2025/9/12, 43, 44
2025/9/13, 50, 43
2025/9/14, 50, 53
2025/9/15, 43, 48
2025/9/16, 39, 50
2025/9/17, 41, 58
2025/9/18, 43, 38
2025/9/19, 46, 38
2025/9/20, 39, 40
2025/9/21, 28, 36
2025/9/22, 28, 37
2025/9/23, 26, 35
2025/9/24, 24, 29
2025/9/25, 21, 39
2025/9/26, 30, 40
2025/9/27, 38, 44
2025/9/28, 40, 47
2025/9/29, 43, 48
2025/9/30, 46, 46
2025/4/1, 24, 26
2025/4/2, 27, 20
2025/4/3, 20, 23
2025/4/4, 37, 27
2025/4/5, 19, 29
2025/4/6, 19, 38
2025/4/7, 21, 36
2025/4/8, 20, 30
2025/4/9, 20, 36
2025/4/10, 47, 43
2025/4/11, 40, 46
2025/4/12, 35, 43
2025/4/13, 30, 34
2025/4/14, 24, 31
2025/4/15, 18, 38
2025/4/16, 21, 36
2025/4/17, 35, 30
2025/4/18, 52, 27
2025/4/19, 46, 36
2025/4/20, 34, 30
2025/4/21, 12, 38
2025/4/22, 20, 43
2025/4/23, 19, 48
2025/4/24, 27, 15
2025/4/25, 44, 
2025/4/26, 17, 
2025/4/27, 17, 
2025/4/28, 33, 24
2025/4/29, 25, 26
2025/4/30, 21, 24
2025/5/1, 21, 35
2025/5/2, 18, 34
2025/5/3, 20, 30
2025/5/4, 16, 28
2025/5/5, 25, 42
2025/5/6, 40, 48
2025/5/7, 21, 33
2025/5/8, 22, 43
2025/5/9, 22, 54
2025/5/10, 27, 51
2025/5/11, 24, 39
2025/5/12, 25, 31
2025/5/13, 22, 47
2025/5/14, 23, 42
2025/5/15, 50, 47
2025/5/16, 27, 24
2025/5/17, 12, 33
2025/5/18, 14, 31
2025/5/19, 16, 38
2025/5/20, 22, 21
2025/5/21, 12, 24
2025/5/22, 14, 38
2025/5/23, 20, 45
2025/5/24, 15, 34
2025/5/25, 16, 39
2025/5/26, 16, 39
2025/5/27, 20, 43
2025/5/28, 26, 41
2025/5/29, 43, 49
2025/5/30, 40, 45
2025/5/31, 46, 44
2025/6/1, 32, 54
2025/6/2, 42, 47
2025/6/3, 54, 39
2025/6/4, 12, 64
2025/6/5, 105, 52
2025/6/6, 98, 57
2025/6/7, 85, 47
2025/6/8, 63, 36
2025/6/9, 65, 38
2025/6/10, 51, 56
2025/6/11, 69, 57
2025/6/12, 78, 45
2025/6/13, 67, 44
2025/6/14, 62, 41
2025/6/15, 42, 37
2025/6/16, 37, 39
2025/6/17, 26, 31
2025/6/18, 19, 45
2025/6/19, 22, 39
2025/6/20, 27, 30
2025/6/21, 38, 31
2025/6/22, 51, 35
2025/6/23, 47, 28
2025/6/24, 34, 30
2025/6/25, 26, 32
2025/6/26, 33, 36
2025/6/27, 18, 39
2025/6/28, 18, 37
2025/6/29, 24, 33
2025/6/30, 18, 38
2025/1/2, 21, 
2025/1/3, 21, 
2025/1/4, 20, 
2025/1/5, 18, 
2025/1/6, 20, 
2025/1/7, 14, 
2025/1/8, 27, 
2025/1/9, 34, 
2025/1/10, 49, 
2025/1/11, 62, 
2025/1/12, 35, 
2025/1/13, 32, 
2025/1/14, 14, 
2025/1/15, 26, 
2025/1/16, 43, 
2025/1/17, 35, 
2025/1/18, 27, 
2025/1/19, 14, 
2025/1/20, 13, 
2025/1/21, 13, 
2025/1/22, 16, 
2025/1/23, 23, 
2025/1/24, 33, 
2025/1/25, 30, 
2025/1/26, 26, 
2025/1/27, 14, 
2025/1/28, 21, 
2025/1/29, 24, 
2025/1/30, 13, 
2025/1/31, 32, 
2025/2/1, 21, 
2025/2/2, 18, 
2025/2/3, 38, 
2025/2/4, 34, 
2025/2/5, 17, 
2025/2/6, 34, 
2025/2/7, 26, 
2025/2/8, 13, 
2025/2/9, 29, 
2025/2/10, 32, 
2025/2/11, 22, 
2025/2/12, 38, 
2025/2/13, 55, 
2025/2/14, 33, 
2025/2/15, 27, 
2025/2/16, 49, 
2025/2/17, 27, 
2025/2/18, 18, 
2025/2/19, 17, 
2025/2/20, 17, 
2025/2/21, 18, 
2025/2/22, 25, 
2025/2/23, 44, 
2025/2/24, 48, 
2025/2/25, 36, 
2025/2/26, 28, 
2025/2/27, 25, 31
2025/2/28, 28, 36
2025/3/1, 15, 33
2025/3/2, 14, 34
2025/3/3, 21, 33
2025/3/4, 32, 36
2025/3/5, 38, 30
2025/3/6, 15, 33
2025/3/7, 13, 30
2025/3/8, 18, 36
2025/3/9, 27, 37
2025/3/10, 21, 39
2025/3/11, 32, 33
2025/3/12, 23, 39
2025/3/13, 34, 54
2025/3/14, 54, 43
2025/3/15, 52, 33
2025/3/16, 72, 24
2025/3/17, 18, 33
2025/3/18, 13, 44
2025/3/19, 25, 35
2025/3/20, 24, 34
2025/3/21, 11, 38
2025/3/22, 21, 36
2025/3/23, 18, 35
2025/3/24, 18, 35
2025/3/25, 18, 35
2025/3/26, 15, 40
2025/3/27, 16, 37
2025/3/28, 30, 39
2025/3/29, 28, 33
2025/3/30, 19, 35
2025/3/31, 10, 34
2024/10/1, 19, 36
2024/10/2, 21, 43
2024/10/3, 28, 40
2024/10/4, 25, 53
2024/10/5, 35, 29
2024/10/6, 44, 35
2024/10/7, 17, 37
2024/10/8, 28, 40
2024/10/9, 34, 43
2024/10/10, 31, 46
2024/10/11, 43, 50
2024/10/12, 43, 31
2024/10/13, 27, 30
2024/10/14, 9, 26
2024/10/15, 11, 29
2024/10/16, 14, 36
2024/10/17, 19, 39
2024/10/18, 20, 45
2024/10/19, 42, 42
2024/10/20, 43, 43
2024/10/21, 52, 41
2024/10/22, 38, 23
2024/10/23, 29, 34
2024/10/24, 15, 29
2024/10/25, 27, 31
2024/10/26, 18, 35
2024/10/28, 18, 35
2024/10/29, 33, 40
2024/10/30, 58, 39
2024/10/31, 57, 26
2024/11/1, 14, 23
2024/11/2, 18, 30
2024/11/3, 27, 25
2024/11/4, 24, 27
2024/11/5, 14, 28
2024/11/6, 12, 13
2024/11/7, 11, 
2024/11/8, 18, 
2024/11/9, 29, 
2024/11/10, 33, 
2024/11/11, 14, 
2024/11/12, 14, 
2024/11/13, 13, 
2024/11/14, 27, 
2024/11/15, 39, 
2024/11/16, 36, 
2024/11/17, 39, 
2024/11/18, 40, 
2024/11/19, 37, 
2024/11/20, 14, 
2024/11/21, 10, 
2024/11/22, 14, 
2024/11/23, 16, 
2024/11/24, 35, 
2024/11/25, 39, 
2024/11/26, 39, 
2024/11/27, 21, 
2024/11/28, 36, 
2024/11/29, 32, 
2024/11/30, 32, 
2024/12/1, 23, 
2024/12/2, 22, 
2024/12/3, 35, 
2024/12/4, 38, 
2024/12/5, 36, 
2024/12/6, 17, 
2024/12/7, 22, 
2024/12/8, 32, 
2024/12/9, 22, 
2024/12/10, 23, 
2024/12/11, 19, 
2024/12/12, 18, 
2024/12/13, 17, 
2024/12/14, 26, 
2024/12/15, 44, 
2024/12/16, 27, 
2024/12/17, 27, 
2024/12/18, 17, 
2024/12/19, 33, 
2024/12/20, 29, 
2024/12/21, 31, 
2024/12/22, 19, 
2024/12/23, 24, 
2024/12/24, 26, 
2024/12/25, 62, 
2024/12/26, 46, 
2024/12/27, 48, 
2024/12/28, 29, 
2024/12/29, 32, 
2024/12/30, 44, 
2024/7/1, 11, 48
2024/7/2, 16, 31
2024/7/3, 14, 41
2024/7/4, 17, 37
2024/7/5, 19, 35
2024/7/6, 25, 41
2024/7/7, 44, 43
2024/7/8, 20, 34
2024/7/9, 18, 34
2024/7/10, 36, 35
2024/7/11, 36, 39
2024/7/12, 42, 38
2024/7/13, 47, 34
2024/7/14, 39, 38
2024/7/15, 32, 34
2024/7/16, 19, 32
2024/7/17, 36, 32
2024/7/18, 18, 36
2024/7/19, 21, 39
2024/7/20, 26, 45
2024/7/21, 27, 43
2024/7/22, 33, 36
2024/7/23, 40, 36
2024/7/24, 63, 39
2024/7/25, 45, 38
2024/7/26, 24, 47
2024/7/27, 45, 32
2024/7/28, 42, 33
2024/7/29, 27, 37
2024/7/30, 26, 39
2024/7/31, 17, 29
2024/8/1, 16, 40
2024/8/2, 20, 32
2024/8/3, 41, 38
2024/8/4, 31, 33
2024/8/5, 36, 25
2024/8/6, 37, 34
2024/8/7, 21, 38
2024/8/8, 27, 23
2024/8/9, 22, 25
2024/8/10, 18, 29
2024/8/11, 29, 31
2024/8/12, 46, 35
2024/8/13, 39, 41
2024/8/14, 31, 29
2024/8/15, 34, 35
2024/8/16, 26, 22
2024/8/17, 26, 24
2024/8/18, 25, 35
2024/8/19, 50, 33
2024/8/20, 35, 36
2024/8/21, 21, 38
2024/8/22, 25, 46
2024/8/23, 33, 37
2024/8/24, 47, 44
2024/8/25, 49, 49
2024/8/26, 53, 42
2024/8/27, 48, 38
2024/8/28, 14, 40
2024/8/29, 19, 36
2024/8/30, 41, 34
2024/8/31, 16, 30
2024/9/1, 29, 30
2024/9/2, 22, 35
2024/9/3, 14, 45
2024/9/4, 19, 44
2024/9/5, 40, 27
2024/9/6, 27, 28
2024/9/7, 11, 33
2024/9/8, 15, 34
2024/9/9, 16, 40
2024/9/10, 18, 50
2024/9/11, 25, 50
2024/9/12, 31, 33
2024/9/13, 23, 33
2024/9/14, 19, 37
2024/9/15, 21, 34
2024/9/16, 25, 51
2024/9/17, 35, 54
2024/9/18, 42, 50
2024/9/19, 37, 39
2024/9/20, 28, 38
2024/9/21, 26, 24
2024/9/22, 20, 24
2024/9/23, 16, 21
2024/9/24, 22, 35
2024/9/25, 20, 38
2024/9/26, 20, 32
2024/9/27, 20, 23
2024/9/28, 21, 28
2024/9/29, 20, 30
2024/9/30, 21, 31
2024/4/1, 28, 25
2024/4/2, 14, 32
2024/4/3, 5, 28
2024/4/4, 5, 30
2024/4/5, 11, 39
2024/4/6, 16, 33
2024/4/7, 15, 42
2024/4/8, 20, 33
2024/4/9, 12, 39
2024/4/10, 16, 37
2024/4/11, 23, 36
2024/4/12, 13, 46
2024/4/13, 19, 44
2024/4/14, 30, 47
2024/4/15, 30, 37
2024/4/16, 31, 30
2024/4/17, 13, 31
2024/4/18, 21, 35
2024/4/19, 14, 29
2024/4/20, 12, 41
2024/4/21, 17, 46
2024/4/22, 23, 32
2024/4/23, 23, 33
2024/4/24, 23, 36
2024/4/25, 22, 40
2024/4/26, 26, 39
2024/4/27, 24, 35
2024/4/28, 32, 42
2024/4/29, 17, 41
2024/4/30, 13, 44
2024/5/1, 17, 44
2024/5/2, 23, 41
2024/5/3, 14, 44
2024/5/4, 15, 39
2024/5/5, 13, 41
2024/5/6, 20, 43
2024/5/7, 16, 42
2024/5/8, 16, 29
2024/5/9, 18, 35
2024/5/10, 21, 41
2024/5/11, 21, 45
2024/5/12, 32, 39
2024/5/13, 28, 35
2024/5/14, 34, 41
2024/5/15, 37, 40
2024/5/16, 28, 44
2024/5/17, 32, 50
2024/5/18, 25, 51
2024/5/19, 36, 46
2024/5/20, 37, 49
2024/5/21, 42, 41
2024/5/22, 18, 50
2024/5/23, 27, 49
2024/5/24, 25, 45
2024/5/25, 10, 52
2024/5/26, 18, 43
2024/5/27, 11, 40
2024/5/28, 12, 36
2024/5/29, 13, 42
2024/5/30, 15, 52
2024/5/31, 20, 33
2024/6/1, 19, 40
2024/6/2, 22, 46
2024/6/3, 27, 38
2024/6/4, 31, 37
2024/6/5, 18, 39
2024/6/6, 15, 43
2024/6/7, 18, 39
2024/6/8, 15, 43
2024/6/9, 15, 38
2024/6/10, 16, 46
2024/6/11, 18, 47
2024/6/12, 23, 45
2024/6/13, 34, 54
2024/6/14, 16, 65
2024/6/15, 20, 48
2024/6/16, 44, 40
2024/6/17, 47, 28
2024/6/18, 21, 43
2024/6/19, 41, 43
2024/6/20, 50, 40
2024/6/21, 45, 38
2024/6/22, 38, 35
2024/6/23, 12, 49
2024/6/24, 14, 37
2024/6/25, 18, 35
2024/6/26, 15, 38
2024/6/27, 15, 41
2024/6/28, 22, 36
2024/6/29, 26, 29
2024/6/30, 8, 36
2024/1/2, 12, 
2024/1/3, 26, 
2024/1/4, 40, 
2024/1/5, 23, 
2024/1/6, 34, 
2024/1/7, 43, 
2024/1/8, 45, 
2024/1/9, 37, 
2024/1/10, 12, 
2024/1/11, 30, 
2024/1/12, 47, 
2024/1/13, 29, 
2024/1/14, 22, 
2024/1/15, 19, 
2024/1/16, 21, 
2024/1/17, 14, 
2024/1/18, 18, 
2024/1/19, 35, 
2024/1/20, 28, 
2024/1/21, 29, 
2024/1/22, 34, 
2024/1/23, 22, 
2024/1/24, 26, 
2024/1/25, 18, 
2024/1/26, 26, 
2024/1/27, 30, 
2024/1/28, 24, 
2024/1/29, 22, 
2024/1/30, 39, 
2024/1/31, 32, 
2024/2/1, 25, 
2024/2/2, 30, 
2024/2/3, 34, 
2024/2/4, 35, 
2024/2/5, 38, 
2024/2/6, 45, 
2024/2/7, 43, 
2024/2/8, 58, 
2024/2/9, 32, 
2024/2/10, 18, 
2024/2/11, 14, 
2024/2/12, 22, 
2024/2/13, 31, 
2024/2/14, 27, 
2024/2/15, 29, 
2024/2/16, 18, 
2024/2/17, 16, 
2024/2/18, 18, 
2024/2/19, 21, 
2024/2/20, 29, 
2024/2/21, 52, 
2024/2/22, 60, 
2024/2/23, 48, 
2024/2/24, 28, 
2024/2/25, 10, 
2024/2/26, 51, 
2024/2/27, 50, 26
2024/2/28, 56, 25
2024/2/29, 15, 29
2024/3/1, 18, 25
2024/3/2, 25, 33
2024/3/3, 45, 32
2024/3/4, 46, 24
2024/3/5, 40, 24
2024/3/6, 25, 25
2024/3/7, 19, 19
2024/3/8, 37, 22
2024/3/9, 24, 29
2024/3/10, 16, 32
2024/3/11, 13, 37
2024/3/12, 37, 43
2024/3/13, 53, 40
2024/3/14, 56, 38
2024/3/15, 21, 31
2024/3/16, 17, 32
2024/3/17, 18, 31
2024/3/18, 10, 29
2024/3/19, 17, 33
2024/3/20, 22, 35
2024/3/21, 12, 33
2024/3/22, 22, 24
2024/3/23, 34, 34
2024/3/24, 32, 35
2024/3/25, 23, 35
2024/3/26, 25, 31
2024/3/27, 13, 31
2024/3/28, 18, 39
2024/3/29, 36, 42
2024/3/30, 46, 39
2024/3/31, 33, 35
2023/10/1, 33, 49
2023/10/2, 36, 47
2023/10/3, 46, 41
2023/10/4, 70, 22
2023/10/5, 46, 21
2023/10/6, 23, 22
2023/10/7, 16, 22
2023/10/8, 26, 24
2023/10/9, 19, 29
2023/10/10, 30, 28
2023/10/11, 36, 34
2023/10/12, 39, 20
2023/10/13, 35, 19
2023/10/14, 13, 21
2023/10/15, 10, 21
2023/10/16, 19, 28
2023/10/17, 38, 33
2023/10/18, 37, 20
2023/10/19, 43, 27
2023/10/20, 30, 28
2023/10/21, 30, 24
2023/10/22, 21, 29
2023/10/23, 24, 31
2023/10/24, 49, 24
2023/10/25, 47, 26
2023/10/26, 39, 18
2023/10/27, 41, 14
2023/10/28, 25, 16
2023/10/30, 31, 22
2023/10/31, 36, 20
2023/11/1, 34, 24
2023/11/2, 31, 28
2023/11/3, 30, 33
2023/11/4, 26, 29
2023/11/5, 41, 33
2023/11/6, 51, 27
2023/11/7, 37, 22
2023/11/8, 30, 17
2023/11/9, 36, 
2023/11/10, 25, 
2023/11/11, 22, 
2023/11/12, 29, 
2023/11/13, 27, 
2023/11/14, 24, 
2023/11/15, 24, 
2023/11/16, 36, 
2023/11/17, 40, 
2023/11/18, 22, 
2023/11/19, 28, 
2023/11/20, 35, 
2023/11/21, 35, 
2023/11/22, 28, 
2023/11/23, 32, 
2023/11/24, 30, 
2023/11/25, 13, 
2023/11/26, 25, 
2023/11/27, 35, 
2023/11/28, 19, 
2023/11/29, 26, 
2023/11/30, 35, 
2023/12/1, 41, 
2023/12/2, 24, 
2023/12/3, 29, 
2023/12/4, 24, 
2023/12/5, 26, 
2023/12/6, 38, 
2023/12/7, 44, 
2023/12/8, 33, 
2023/12/9, 32, 
2023/12/10, 15, 
2023/12/11, 17, 
2023/12/12, 25, 
2023/12/13, 18, 
2023/12/14, 19, 
2023/12/15, 28, 
2023/12/16, 34, 
2023/12/17, 29, 
2023/12/18, 30, 
2023/12/19, 17, 
2023/12/20, 17, 
2023/12/21, 25, 
2023/12/22, 38, 
2023/12/23, 48, 
2023/12/24, 50, 
2023/12/25, 48, 
2023/12/26, 14, 
2023/12/27, 11, 
2023/12/28, 18, 
2023/12/29, 16, 
2023/12/30, 20, 
2023/12/31, 31, 
2024/1/1, 19, 
2023/7/1, 40, 35
2023/7/2, 25, 38
2023/7/3, 52, 46
2023/7/4, 58, 39
2023/7/5, 39, 36
2023/7/6, 32, 39
2023/7/7, 21, 37
2023/7/8, 20, 39
2023/7/9, 35, 38
2023/7/10, 36, 41
2023/7/11, 37, 39
2023/7/12, 33, 35
2023/7/13, 17, 41
2023/7/14, 23, 38
2023/7/15, 55, 36
2023/7/16, 160, 32
2023/7/17, 102, 31
2023/7/18, 29, 45
2023/7/19, 46, 38
2023/7/20, 46, 36
2023/7/21, 25, 41
2023/7/22, 34, 40
2023/7/23, 51, 46
2023/7/24, 71, 47
2023/7/25, 83, 37
2023/7/26, 52, 45
2023/7/27, 49, 45
2023/7/28, 52, 34
2023/7/29, 17, 29
2023/7/30, 23, 36
2023/7/31, 24, 43
2023/8/1, 32, 35
2023/8/2, 37, 42
2023/8/3, 36, 40
2023/8/4, 38, 38
2023/8/5, 54, 37
2023/8/6, 46, 28
2023/8/7, 38, 31
2023/8/8, 57, 28
2023/8/9, 44, 35
2023/8/10, 43, 34
2023/8/11, 34, 32
2023/8/12, 22, 23
2023/8/13, 19, 25
2023/8/14, 18, 26
2023/8/15, 50, 35
2023/8/16, 51, 30
2023/8/17, 54, 38
2023/8/18, 62, 39
2023/8/19, 53, 34
2023/8/20, 49, 39
2023/8/21, 61, 40
2023/8/22, 64, 31
2023/8/23, 62, 39
2023/8/24, 61, 36
2023/8/25, 51, 33
2023/8/26, 34, 34
2023/8/27, 29, 39
2023/8/28, 53, 34
2023/8/29, 58, 34
2023/8/30, 25, 34
2023/8/31, 20, 39
2023/9/1, 23, 44
2023/9/2, 33, 34
2023/9/3, 36, 35
2023/9/4, 40, 32
2023/9/5, 23, 25
2023/9/6, 71, 15
2023/9/7, 41, 24
2023/9/8, 19, 37
2023/9/9, 46, 41
2023/9/10, 47, 31
2023/9/11, 38, 26
2023/9/12, 38, 34
2023/9/13, 36, 37
2023/9/14, 26, 47
2023/9/15, 37, 37
2023/9/16, 40, 32
2023/9/17, 34, 30
2023/9/18, 37, 40
2023/9/19, 46, 42
2023/9/20, 51, 35
2023/9/21, 48, 31
2023/9/22, 53, 45
2023/9/23, 45, 45
2023/9/24, 38, 37
2023/9/25, 40, 34
2023/9/26, 28, 28
2023/9/27, 27, 31
2023/9/28, 31, 39
2023/9/29, 29, 46
2023/9/30, 36, 47
2023/4/1, 20, 36
2023/4/2, 22, 35
2023/4/3, 31, 27
2023/4/4, 45, 27
2023/4/5, 35, 36
2023/4/6, 24, 39
2023/4/7, 26, 43
2023/4/8, 39, 44
2023/4/9, 40, 47
2023/4/10, 45, 37
2023/4/11, 36, 41
2023/4/12, 47, 44
2023/4/13, 41, 40
2023/4/14, 44, 40
2023/4/15, 37, 30
2023/4/16, 13, 36
2023/4/17, 17, 43
2023/4/18, 29, 41
2023/4/19, 39, 36
2023/4/20, 38, 35
2023/4/21, 19, 31
2023/4/22, 14, 32
2023/4/23, 17, 41
2023/4/24, 34, 38
2023/4/25, 52, 36
2023/4/27, 51, 49
2023/4/28, 52, 33
2023/4/29, 29, 23
2023/4/30, 20, 34
2023/5/1, 13, 35
2023/5/2, 18, 32
2023/5/3, 9, 45
2023/5/4, 29, 48
2023/5/5, 28, 35
2023/5/6, 36, 44
2023/5/7, 37, 41
2023/5/8, 30, 44
2023/5/9, 41, 49
2023/5/10, 26, 46
2023/5/11, 32, 33
2023/5/12, 47, 38
2023/5/13, 42, 35
2023/5/14, 45, 43
2023/5/15, 32, 45
2023/5/16, 39, 39
2023/5/17, 36, 49
2023/5/18, 40, 35
2023/5/19, 65, 35
2023/5/20, 49, 47
2023/5/21, 44, 59
2023/5/22, 56, 63
2023/5/23, 41, 73
2023/5/24, 50, 44
2023/5/25, 26, 45
2023/5/26, 24, 48
2023/5/27, 25, 55
2023/5/28, 29, 58
2023/5/29, 34, 60
2023/5/30, 37, 53
2023/5/31, 42, 48
2023/6/1, 47, 72
2023/6/2, 45, 69
2023/6/3, 54, 58
2023/6/4, 91, 51
2023/6/5, 58, 63
2023/6/6, 73, 53
2023/6/7, 72, 50
2023/6/8, 66, 41
2023/6/9, 60, 68
2023/6/10, 63, 46
2023/6/11, 50, 35
2023/6/12, 34, 42
2023/6/13, 40, 40
2023/6/14, 82, 60
2023/6/15, 81, 40
2023/6/16, 56, 54
2023/6/17, 83, 56
2023/6/18, 83, 59
2023/6/19, 78, 64
2023/6/20, 72, 55
2023/6/21, 61, 58
2023/6/22, 69, 58
2023/6/23, 110, 66
2023/6/24, 77, 39
2023/6/25, 40, 35
2023/6/26, 64, 60
2023/6/27, 169, 66
2023/6/28, 264, 40
2023/6/29, 86, 43
2023/6/30, 69, 37
2023/1/3, 54, 
2023/1/4, 26, 
2023/1/5, 29, 
2023/1/6, 36, 
2023/1/7, 36, 
2023/1/8, 57, 
2023/1/9, 52, 
2023/1/10, 62, 
2023/1/11, 56, 
2023/1/12, 68, 
2023/1/13, 65, 
2023/1/14, 35, 
2023/1/15, 38, 
2023/1/16, 39, 
2023/1/17, 27, 
2023/1/18, 44, 
2023/1/19, 46, 
2023/1/20, 21, 
2023/1/21, 23, 
2023/1/22, 33, 
2023/1/23, 44, 
2023/1/24, 48, 
2023/1/25, 59, 
2023/1/26, 51, 
2023/1/27, 34, 
2023/1/28, 25, 
2023/1/29, 45, 
2023/1/30, 37, 
2023/1/31, 21, 
2023/2/1, 27, 
2023/2/2, 36, 
2023/2/3, 49, 
2023/2/4, 19, 
2023/2/5, 29, 
2023/2/6, 29, 
2023/2/7, 50, 
2023/2/8, 41, 
2023/2/9, 31, 
2023/2/10, 29, 
2023/2/11, 36, 
2023/2/12, 25, 30
2023/2/13, 30, 32
2023/2/14, 24, 32
2023/2/15, 30, 26
2023/2/16, 27, 26
2023/2/17, 30, 27
2023/2/18, 19, 29
2023/2/19, 21, 32
2023/2/20, 25, 30
2023/2/21, 46, 29
2023/2/22, 24, 20
2023/2/23, 24, 27
2023/2/24, 29, 26
2023/2/25, 32, 25
2023/2/26, 47, 30
2023/2/27, 58, 28
2023/2/28, 47, 30
2023/3/1, 49, 31
2023/3/2, 38, 29
2023/3/3, 34, 25
2023/3/4, 44, 27
2023/3/5, 54, 33
2023/3/6, 43, 29
2023/3/7, 31, 34
2023/3/8, 22, 33
2023/3/9, 17, 25
2023/3/10, 26, 30
2023/3/11, 28, 31
2023/3/12, 27, 31
2023/3/13, 29, 30
2023/3/14, 22, 34
2023/3/15, 21, 34
2023/3/16, 49, 31
2023/3/17, 48, 32
2023/3/18, 20, 27
2023/3/19, 19, 32
2023/3/20, 23, 38
2023/3/21, 49, 32
2023/3/22, 42, 28
2023/3/23, 63, 24
2023/3/24, 48, 29
2023/3/25, 48, 36
2023/3/26, 28, 40
2023/3/27, 36, 39
2023/3/28, 36, 36
2023/3/29, 41, 42
2023/3/30, 50, 36
2023/3/31, 44, 32
2022/10/1, 36, 30
2022/10/2, 34, 32
2022/10/3, 18, 39
2022/10/4, 25, 42
2022/10/5, 28, 38
2022/10/6, 39, 23
2022/10/7, 14, 27
2022/10/8, 19, 32
2022/10/9, 32, 36
2022/10/10, 41, 33
2022/10/11, 52, 31
2022/10/12, 44, 27
2022/10/13, 35, 27
2022/10/14, 30, 14
2022/10/15, 22, 23
2022/10/16, 32, 18
2022/10/17, 14, 19
2022/10/18, 16, 23
2022/10/19, 26, 30
2022/10/20, 34, 44
2022/10/21, 41, 41
2022/10/22, 56, 35
2022/10/23, 38, 32
2022/10/24, 39, 24
2022/10/25, 24, 23
2022/10/26, 24, 24
2022/10/27, 30, 24
2022/10/28, 36, 32
2022/10/29, 55, 18
2022/10/31, 45, 13
2022/11/1, 53, 17
2022/11/2, 57, 
2022/11/3, 54, 
2022/11/4, 40, 
2022/11/5, 51, 
2022/11/6, 25, 
2022/11/7, 21, 
2022/11/8, 23, 
2022/11/9, 34, 
2022/11/10, 45, 
2022/11/11, 46, 
2022/11/12, 20, 
2022/11/13, 20, 
2022/11/14, 24, 
2022/11/15, 35, 
2022/11/16, 50, 
2022/11/17, 57, 
2022/11/18, 41, 
2022/11/19, 33, 
2022/11/20, 24, 
2022/11/21, 23, 
2022/11/22, 35, 
2022/11/23, 51, 
2022/11/24, 51, 
2022/11/25, 62, 
2022/11/26, 50, 
2022/11/27, 51, 
2022/11/28, 46, 
2022/11/29, 43, 
2022/11/30, 47, 
2022/12/1, 21, 
2022/12/2, 24, 
2022/12/3, 26, 
2022/12/4, 26, 
2022/12/5, 35, 
2022/12/6, 49, 
2022/12/7, 61, 
2022/12/8, 76, 
2022/12/9, 89, 
2022/12/10, 54, 
2022/12/11, 56, 
2022/12/12, 50, 
2022/12/13, 45, 
2022/12/14, 52, 
2022/12/15, 29, 
2022/12/16, 27, 
2022/12/17, 29, 
2022/12/18, 25, 
2022/12/19, 24, 
2022/12/20, 24, 
2022/12/21, 45, 
2022/12/22, 59, 
2022/12/23, 52, 
2022/12/24, 34, 
2022/12/25, 22, 
2022/12/26, 12, 
2022/12/27, 26, 
2022/12/28, 42, 
2022/12/29, 46, 
2022/12/30, 35, 
2022/12/31, 42, 
2023/1/1, 54, 
2023/1/2, 57, 
2022/7/1, 44, 42
2022/7/2, 38, 46
2022/7/3, 47, 41
2022/7/4, 48, 36
2022/7/5, 39, 45
2022/7/6, 25, 26
2022/7/7, 39, 30
2022/7/8, 17, 42
2022/7/9, 39, 44
2022/7/10, 24, 37
2022/7/11, 28, 32
2022/7/12, 23, 36
2022/7/13, 32, 41
2022/7/14, 28, 30
2022/7/15, 33, 37
2022/7/16, 49, 33
2022/7/17, 42, 39
2022/7/18, 42, 39
2022/7/19, 47, 40
2022/7/20, 55, 34
2022/7/21, 77, 40
2022/7/22, 27, 41
2022/7/23, 47, 35
2022/7/24, 42, 26
2022/7/25, 24, 29
2022/7/26, 27, 32
2022/7/27, 40, 32
2022/7/28, 28, 28
2022/7/29, 17, 33
2022/7/30, 21, 36
2022/7/31, 26, 34
2022/8/1, 31, 36
2022/8/2, 23, 34
2022/8/3, 26, 32
2022/8/4, 24, 34
2022/8/5, 24, 27
2022/8/6, 42, 25
2022/8/7, 30, 23
2022/8/8, 24, 34
2022/8/9, 18, 39
2022/8/10, 20, 35
2022/8/11, 29, 30
2022/8/12, 22, 32
2022/8/13, 22, 26
2022/8/14, 33, 42
2022/8/15, 40, 41
2022/8/16, 37, 35
2022/8/17, 38, 40
2022/8/18, 43, 41
2022/8/19, 42, 35
2022/8/20, 34, 32
2022/8/21, 29, 35
2022/8/22, 32, 36
2022/8/23, 29, 40
2022/8/24, 33, 32
2022/8/25, 44, 32
2022/8/26, 35, 37
2022/8/27, 33, 30
2022/8/28, 35, 31
2022/8/29, 29, 28
2022/8/30, 35, 32
2022/8/31, 44, 31
2022/9/1, 42, 37
2022/9/2, 41, 37
2022/9/3, 38, 26
2022/9/4, 39, 24
2022/9/5, 46, 33
2022/9/6, 39, 34
2022/9/7, 34, 36
2022/9/8, 27, 41
2022/9/9, 33, 42
2022/9/10, 46, 18
2022/9/11, 24, 20
2022/9/12, 24, 28
2022/9/13, 24, 38
2022/9/14, 28, 40
2022/9/15, 31, 38
2022/9/16, 39, 44
2022/9/17, 58, 33
2022/9/18, 44, 33
2022/9/19, 31, 38
2022/9/20, 37, 29
2022/9/21, 32, 25
2022/9/22, 16, 21
2022/9/23, 15, 30
2022/9/24, 27, 27
2022/9/25, 21, 28
2022/9/26, 19, 26
2022/9/27, 18, 22
2022/9/28, 13, 28
2022/9/29, 19, 30
2022/9/30, 27, 44
2022/4/1, 22, 28
2022/4/2, 34, 36
2022/4/3, 29, 26
2022/4/4, 26, 25
2022/4/5, 42, 37
2022/4/6, 16, 26
2022/4/7, 13, 24
2022/4/8, 11, 37
2022/4/9, 12, 40
2022/4/10, 23, 32
2022/4/11, 35, 30
2022/4/12, 38, 25
2022/4/13, 28, 35
2022/4/14, 20, 36
2022/4/15, 21, 32
2022/4/16, 21, 31
2022/4/17, 21, 32
2022/4/18, 29, 34
2022/4/19, 17, 34
2022/4/20, 24, 32
2022/4/21, 24, 33
2022/4/22, 41, 39
2022/4/23, 52, 27
2022/4/24, 34, 26
2022/4/25, 14, 35
2022/4/26, 20, 38
2022/4/27, 33, 29
2022/4/28, 38, 38
2022/4/29, 45, 35
2022/4/30, 45, 31
2022/5/1, 9, 35
2022/5/2, 24, 26
2022/5/3, 35, 25
2022/5/4, 33, 25
2022/5/5, 38, 32
2022/5/6, 19, 43
2022/5/7, 23, 39
2022/5/8, 17, 33
2022/5/9, 33, 35
2022/5/10, 60, 38
2022/5/11, 73, 49
2022/5/12, 71, 54
2022/5/13, 33, 48
2022/5/14, 37, 42
2022/5/15, 29, 46
2022/5/16, 26, 45
2022/5/17, 25, 37
2022/5/18, 34, 46
2022/5/19, 43, 38
2022/5/20, 50, 29
2022/5/21, 19, 35
2022/5/22, 26, 39
2022/5/23, 22, 41
2022/5/24, 26, 26
2022/5/25, 31, 33
2022/5/26, 28, 20
2022/5/27, 20, 39
2022/5/28, 20, 41
2022/5/29, 32, 47
2022/5/30, 46, 33
2022/5/31, 46, 12
2022/6/1, 26, 45
2022/6/2, 18, 47
2022/6/3, 22, 53
2022/6/4, 22, 59
2022/6/5, 35, 42
2022/6/6, 45, 46
2022/6/7, 30, 40
2022/6/8, 20, 44
2022/6/9, 29, 33
2022/6/10, 27, 43
2022/6/11, 34, 35
2022/6/12, 45, 41
2022/6/13, 52, 47
2022/6/14, 67, 39
2022/6/15, 89, 48
2022/6/16, 56, 43
2022/6/17, 29, 42
2022/6/18, 17, 52
2022/6/19, 21, 71
2022/6/20, 27, 44
2022/6/21, 48, 44
2022/6/22, 28, 51
2022/6/23, 27, 58
2022/6/24, 27, 48
2022/6/25, 37, 34
2022/6/26, 22, 40
2022/6/27, 28, 44
2022/6/28, 45, 48
2022/6/29, 35, 64
2022/6/30, 38, 30
2022/1/4, 46, 
2022/1/5, 41, 
2022/1/6, 42, 
2022/1/7, 22, 
2022/1/8, 27, 
2022/1/9, 37, 
2022/1/10, 33, 
2022/1/11, 27, 
2022/1/12, 35, 
2022/1/13, 30, 
2022/1/14, 66, 
2022/1/15, 68, 
2022/1/16, 43, 
2022/1/17, 55, 
2022/1/18, 48, 
2022/1/19, 29, 
2022/1/20, 28, 
2022/1/21, 21, 
2022/1/22, 37, 
2022/1/23, 40, 
2022/1/24, 24, 
2022/1/25, 37, 
2022/1/26, 28, 
2022/1/27, 33, 17
2022/1/28, 37, 28
2022/1/29, 25, 26
2022/1/30, 34, 27
2022/1/31, 54, 26
2022/2/1, 75, 21
2022/2/2, 60, 
2022/2/3, 32, 
2022/2/4, 26, 27
2022/2/5, 35, 30
2022/2/6, 57, 38
2022/2/7, 51, 28
2022/2/8, 49, 34
2022/2/9, 52, 28
2022/2/10, 26, 27
2022/2/11, 22, 26
2022/2/12, 22, 23
2022/2/13, 22, 29
2022/2/14, 26, 25
2022/2/15, 49, 37
2022/2/16, 59, 36
2022/2/17, 46, 26
2022/2/18, 47, 33
2022/2/19, 25, 37
2022/2/20, 24, 33
2022/2/21, 22, 29
2022/2/22, 35, 21
2022/2/23, 25, 25
2022/2/24, 27, 22
2022/2/25, 38, 32
2022/2/26, 31, 32
2022/2/27, 50, 31
2022/2/28, 53, 33
2022/3/1, 43, 33
2022/3/2, 48, 29
2022/3/3, 58, 29
2022/3/4, 31, 24
2022/3/5, 32, 38
2022/3/6, 47, 30
2022/3/7, 44, 36
2022/3/8, 31, 36
2022/3/9, 32, 32
2022/3/10, 43, 29
2022/3/11, 29, 36
2022/3/12, 27, 33
2022/3/13, 16, 36
2022/3/14, 25, 43
2022/3/15, 30, 34
2022/3/16, 52, 43
2022/3/17, 59, 40
2022/3/18, 57, 23
2022/3/19, 64, 25
2022/3/20, 18, 39
2022/3/21, 28, 44
2022/3/22, 28, 36
2022/3/23, 42, 27
2022/3/24, 24, 26
2022/3/25, 8, 31
2022/3/26, 21, 29
2022/3/27, 17, 33
2022/3/28, 21, 28
2022/3/29, 24, 26
2022/3/30, 36, 28
2022/3/31, 16, 35
2021/10/1, 63, 19
2021/10/2, 39, 23
2021/10/3, 32, 15
2021/10/4, 29, 16
2021/10/5, 34, 17
2021/10/6, 49, 25
2021/10/7, 27, 31
2021/10/8, 26, 41
2021/10/9, 45, 39
2021/10/10, 57, 27
2021/10/11, 41, 28
2021/10/12, 33, 23
2021/10/13, 40, 19
2021/10/14, 21, 17
2021/10/15, 18, 24
2021/10/16, 22, 27
2021/10/17, 24, 35
2021/10/18, 25, 35
2021/10/19, 26, 36
2021/10/20, 41, 12
2021/10/21, 26, 17
2021/10/22, 26, 22
2021/10/23, 27, 14
2021/10/24, 26, 19
2021/10/25, 8, 22
2021/10/26, 22, 22
2021/10/27, 19, 11
2021/10/28, 30, 16
2021/10/29, 18, 19
2021/10/30, 25, 20
2021/11/1, 27, 21
2021/11/2, 14, 21
2021/11/3, 19, 25
2021/11/4, 36, 
2021/11/5, 41, 
2021/11/6, 47, 
2021/11/7, 51, 
2021/11/8, 48, 
2021/11/9, 56, 
2021/11/10, 77, 
2021/11/11, 78, 
2021/11/12, 34, 
2021/11/13, 10, 
2021/11/14, 19, 
2021/11/15, 19, 
2021/11/16, 23, 
2021/11/17, 42, 
2021/11/18, 38, 
2021/11/19, 21, 
2021/11/20, 27, 
2021/11/21, 51, 
2021/11/22, 39, 
2021/11/23, 16, 
2021/11/24, 28, 
2021/11/25, 28, 
2021/11/26, 39, 
2021/11/27, 19, 
2021/11/28, 30, 
2021/11/29, 27, 
2021/11/30, 23, 
2021/12/1, 37, 
2021/12/2, 52, 
2021/12/3, 19, 
2021/12/4, 29, 
2021/12/5, 45, 
2021/12/6, 46, 
2021/12/7, 20, 
2021/12/8, 16, 
2021/12/9, 39, 
2021/12/10, 42, 
2021/12/11, 45, 
2021/12/12, 20, 
2021/12/13, 16, 
2021/12/14, 29, 
2021/12/15, 42, 
2021/12/16, 40, 
2021/12/17, 47, 
2021/12/18, 25, 
2021/12/19, 43, 
2021/12/20, 42, 
2021/12/21, 55, 
2021/12/22, 58, 
2021/12/23, 23, 
2021/12/24, 36, 
2021/12/25, 41, 
2021/12/26, 54, 
2021/12/27, 56, 
2021/12/28, 45, 
2021/12/29, 25, 
2021/12/30, 46, 
2021/12/31, 53, 
2022/1/1, 53, 
2021/7/1, 33, 29
2021/7/2, 26, 35
2021/7/3, 26, 35
2021/7/4, 29, 30
2021/7/5, 67, 33
2021/7/6, 56, 32
2021/7/7, 53, 18
2021/7/8, 27, 25
2021/7/9, 21, 36
2021/7/10, 25, 28
2021/7/11, 18, 28
2021/7/12, 22, 34
2021/7/13, 29, 33
2021/7/14, 32, 25
2021/7/15, 39, 25
2021/7/16, 23, 33
2021/7/17, 53, 31
2021/7/18, 41, 36
2021/7/19, 35, 37
2021/7/20, 50, 40
2021/7/21, 104, 42
2021/7/22, 89, 41
2021/7/23, 98, 31
2021/7/24, 60, 42
2021/7/25, 52, 37
2021/7/26, 51, 41
2021/7/27, 47, 35
2021/7/28, 63, 32
2021/7/29, 58, 29
2021/7/30, 54, 36
2021/7/31, 76, 30
2021/8/1, 100, 29
2021/8/2, 62, 34
2021/8/3, 51, 34
2021/8/4, 41, 37
2021/8/5, 51, 35
2021/8/6, 59, 35
2021/8/7, 62, 33
2021/8/8, 52, 24
2021/8/9, 38, 23
2021/8/10, 40, 26
2021/8/11, 42, 24
2021/8/12, 32, 26
2021/8/13, 27, 34
2021/8/14, 24, 31
2021/8/15, 26, 30
2021/8/16, 25, 31
2021/8/17, 35, 34
2021/8/18, 46, 39
2021/8/19, 56, 36
2021/8/20, 54, 22
2021/8/21, 28, 37
2021/8/22, 31, 35
2021/8/23, 37, 28
2021/8/24, 32, 33
2021/8/25, 29, 34
2021/8/26, 25, 38
2021/8/27, 42, 30
2021/8/28, 45, 21
2021/8/29, 37, 39
2021/8/30, 32, 36
2021/8/31, 27, 40
2021/9/1, 30, 34
2021/9/2, 29, 33
2021/9/3, 31, 23
2021/9/4, 38, 36
2021/9/5, 23, 34
2021/9/6, 37, 37
2021/9/7, 49, 31
2021/9/8, 23, 27
2021/9/9, 17, 34
2021/9/10, 21, 41
2021/9/11, 43, 40
2021/9/12, 53, 43
2021/9/13, 50, 35
2021/9/14, 40, 37
2021/9/15, 20, 41
2021/9/16, 22, 46
2021/9/17, 46, 43
2021/9/18, 44, 39
2021/9/19, 36, 30
2021/9/20, 27, 28
2021/9/21, 23, 21
2021/9/22, 15, 25
2021/9/23, 17, 37
2021/9/24, 25, 29
2021/9/25, 19, 38
2021/9/26, 26, 42
2021/9/27, 52, 42
2021/9/28, 48, 45
2021/9/29, 60, 45
2021/9/30, 69, 41
2021/4/1, 28, 35
2021/4/2, 32, 42
2021/4/3, 52, 54
2021/4/4, 65, 44
2021/4/5, 60, 42
2021/4/6, 59, 30
2021/4/7, 40, 24
2021/4/8, 26, 
2021/4/9, 20, 
2021/4/10, 20, 
2021/4/11, 20, 30
2021/4/12, 26, 29
2021/4/13, 23, 26
2021/4/14, 25, 24
2021/4/15, 22, 29
2021/4/16, 26, 36
2021/4/17, 42, 37
2021/4/18, 40, 26
2021/4/19, 32, 24
2021/4/20, 21, 32
2021/4/21, 34, 39
2021/4/22, 41, 36
2021/4/23, 36, 31
2021/4/24, 48, 29
2021/4/25, 33, 40
2021/4/26, 34, 41
2021/4/27, 40, 19
2021/4/28, 42, 33
2021/4/29, 38, 38
2021/4/30, 27, 41
2021/5/1, 26, 34
2021/5/2, 27, 24
2021/5/3, 30, 20
2021/5/4, 25, 32
2021/5/5, 24, 29
2021/5/6, 29, 36
2021/5/7, 34, 32
2021/5/8, 22, 31
2021/5/9, 24, 34
2021/5/10, 37, 30
2021/5/11, 25, 32
2021/5/12, 21, 37
2021/5/13, 28, 42
2021/5/14, 30, 33
2021/5/15, 36, 42
2021/5/16, 38, 29
2021/5/17, 30, 33
2021/5/18, 40, 33
2021/5/19, 46, 35
2021/5/20, 41, 37
2021/5/21, 38, 38
2021/5/22, 41, 33
2021/5/23, 37, 44
2021/5/24, 54, 34
2021/5/25, 43, 34
2021/5/26, 24, 33
2021/5/27, 25, 25
2021/5/28, 30, 39
2021/5/29, 23, 44
2021/5/30, 29, 41
2021/5/31, 36, 42
2021/6/1, 40, 45
2021/6/2, 44, 54
2021/6/3, 39, 49
2021/6/4, 39, 43
2021/6/5, 45, 32
2021/6/6, 30, 27
2021/6/7, 19, 34
2021/6/8, 27, 31
2021/6/16, 16, 50
2021/6/17, 25, 41
2021/6/18, 46, 44
2021/6/19, 43, 42
2021/6/20, 37, 29
2021/6/21, 26, 37
2021/6/22, 20, 43
2021/6/23, 27, 31
2021/6/24, 28, 36
2021/6/25, 19, 25
2021/6/26, 20, 31
2021/6/27, 25, 24
2021/6/28, 19, 24
2021/6/29, 23, 21
2021/6/30, 16, 41
2021/1/5, 50, 
2021/1/6, 58, 
2021/1/7, 54, 
2021/1/8, 52, 
2021/1/9, 39, 
2021/1/10, 36, 
2021/1/11, 54, 
2021/1/12, 46, 
2021/1/13, 54, 
2021/1/14, 44, 
2021/1/15, 37, 
2021/1/16, 26, 
2021/1/17, 35, 
2021/1/18, 34, 
2021/1/19, 42, 
2021/1/20, 44, 
2021/1/21, 28, 
2021/1/22, 21, 
2021/1/23, 21, 
2021/1/24, 37, 
2021/1/25, 33, 
2021/1/26, 52, 
2021/1/27, 34, 
2021/1/28, 30, 
2021/1/29, 39, 
2021/1/30, 43, 
2021/1/31, 36, 
2021/2/1, 31, 
2021/2/2, 28, 
2021/2/3, 45, 
2021/2/4, 46, 
2021/2/5, 37, 
2021/2/6, 34, 
2021/2/7, 28, 
2021/2/8, 25, 
2021/2/9, 33, 
2021/2/10, 45, 
2021/2/11, 54, 
2021/2/12, 41, 
2021/2/13, 43, 
2021/2/14, 33, 
2021/2/15, 34, 
2021/2/16, 27, 
2021/2/17, 32, 
2021/2/18, 59, 
2021/2/19, 67, 
2021/2/20, 71, 
2021/2/21, 64, 
2021/2/22, 49, 
2021/2/23, 54, 
2021/2/24, 19, 
2021/2/25, 37, 
2021/2/26, 42, 
2021/2/27, 38, 
2021/2/28, 48, 25
2021/3/1, 33, 27
2021/3/2, 32, 27
2021/3/3, 37, 30
2021/3/4, 38, 26
2021/3/5, 52, 31
2021/3/6, 33, 35
2021/3/7, 42, 35
2021/3/8, 47, 37
2021/3/9, 61, 42
2021/3/10, 57, 34
2021/3/11, 53, 26
2021/3/12, 33, 30
2021/3/13, 31, 33
2021/3/14, 45, 28
2021/3/15, 34, 26
2021/3/16, 23, 23
2021/3/17, 46, 23
2021/3/18, 61, 27
2021/3/19, 42, 31
2021/3/20, 23, 34
2021/3/21, 30, 38
2021/3/22, 26, 41
2021/3/23, 40, 28
2021/3/24, 39, 24
2021/3/25, 21, 18
2021/3/26, 28, 19
2021/3/27, 36, 32
2021/3/28, 25, 35
2021/3/29, 29, 34
2021/3/30, 40, 28
2021/3/31, 27, 32
2020/10/1, 21, 17
2020/10/2, 26, 17
2020/10/3, 25, 24
2020/10/4, 24, 30
2020/10/5, 23, 31
2020/10/6, 20, 36
2020/10/7, 38, 39
2020/10/8, 35, 43
2020/10/9, 69, 28
2020/10/10, 65, 30
2020/10/11, 34, 23
2020/10/12, 28, 34
2020/10/13, 27, 38
2020/10/14, 27, 24
2020/10/15, 28, 27
2020/10/16, 32, 31
2020/10/17, 26, 23
2020/10/18, 32, 22
2020/10/19, 40, 22
2020/10/20, 42, 13
2020/10/21, 41, 29
2020/10/22, 38, 17
2020/10/23, 22, 22
2020/10/24, 26, 19
2020/10/26, 30, 15
2020/10/27, 32, 15
2020/10/28, 33, 17
2020/10/29, 34, 18
2020/10/30, 32, 25
2020/10/31, 35, 27
2020/11/1, 28, 24
2020/11/2, 30, 8
2020/11/3, 23, 
2020/11/4, 33, 
2020/11/5, 39, 
2020/11/6, 49, 
2020/11/7, 57, 
2020/11/8, 59, 
2020/11/9, 33, 
2020/11/10, 32, 
2020/11/11, 29, 
2020/11/12, 33, 
2020/11/13, 37, 
2020/11/14, 40, 
2020/11/15, 40, 
2020/11/16, 32, 
2020/11/17, 19, 
2020/11/18, 37, 
2020/11/19, 23, 
2020/11/20, 37, 
2020/11/21, 44, 
2020/11/22, 47, 
2020/11/23, 29, 
2020/11/24, 43, 
2020/11/25, 40, 
2020/11/26, 25, 
2020/11/27, 31, 
2020/11/28, 41, 
2020/11/29, 28, 
2020/11/30, 37, 
2020/12/1, 13, 
2020/12/2, 24, 
2020/12/3, 37, 
2020/12/4, 43, 
2020/12/5, 40, 
2020/12/6, 41, 
2020/12/7, 38, 
2020/12/8, 58, 
2020/12/9, 54, 
2020/12/10, 65, 
2020/12/11, 57, 
2020/12/12, 82, 
2020/12/13, 27, 
2020/12/14, 23, 
2020/12/15, 37, 
2020/12/16, 37, 
2020/12/17, 52, 
2020/12/18, 64, 
2020/12/19, 65, 
2020/12/20, 52, 
2020/12/21, 52, 
2020/12/22, 35, 
2020/12/23, 24, 
2020/12/24, 27, 
2020/12/25, 21, 
2020/12/26, 24, 
2020/12/27, 35, 
2020/12/28, 41, 
2020/12/29, 44, 
2020/12/30, 37, 
2020/12/31, 47, 
2021/1/1, 45, 
2021/1/2, 37, 
2021/1/3, 57, 
2021/1/4, 59, 
2020/7/1, 28, 53
2020/7/2, 39, 62
2020/7/3, 44, 73
2020/7/4, 62, 63
2020/7/5, 66, 58
2020/7/6, 50, 48
2020/7/7, 56, 43
2020/7/8, 44, 41
2020/7/9, 54, 36
2020/7/10, 22, 40
2020/7/11, 31, 36
2020/7/12, 18, 33
2020/7/13, 22, 41
2020/7/14, 25, 34
2020/7/15, 35, 41
2020/7/16, 33, 39
2020/7/17, 38, 32
2020/7/18, 42, 29
2020/7/19, 30, 30
2020/7/20, 28, 30
2020/7/21, 26, 31
2020/7/22, 23, 28
2020/7/23, 28, 38
2020/7/24, 28, 39
2020/7/25, 39, 23
2020/7/26, 53, 26
2020/7/27, 24, 32
2020/7/28, 26, 45
2020/7/29, 38, 29
2020/7/30, 25, 25
2020/7/31, 25, 27
2020/8/1, 33, 29
2020/8/2, 32, 16
2020/8/3, 24, 23
2020/8/4, 20, 28
2020/8/5, 28, 36
2020/8/6, 31, 44
2020/8/7, 33, 41
2020/8/8, 40, 36
2020/8/9, 36, 29
2020/8/10, 29, 29
2020/8/11, 28, 36
2020/8/12, 27, 41
2020/8/13, 35, 46
2020/8/14, 42, 41
2020/8/15, 48, 30
2020/8/16, 25, 34
2020/8/17, 35, 32
2020/8/18, 27, 30
2020/8/19, 22, 37
2020/8/20, 27, 40
2020/8/21, 35, 39
2020/8/22, 43, 35
2020/8/23, 49, 39
2020/8/24, 47, 40
2020/8/25, 51, 43
2020/8/26, 52, 22
2020/8/27, 35, 24
2020/8/28, 37, 27
2020/8/29, 33, 35
2020/8/30, 25, 34
2020/8/31, 38, 24
2020/9/1, 44, 28
2020/9/2, 26, 33
2020/9/3, 30, 30
2020/9/4, 26, 34
2020/9/5, 33, 28
2020/9/6, 37, 26
2020/9/7, 33, 13
2020/9/8, 21, 16
2020/9/9, 35, 18
2020/9/10, 29, 21
2020/9/11, 37, 19
2020/9/12, 34, 24
2020/9/13, 20, 23
2020/9/14, 25, 30
2020/9/15, 27, 33
2020/9/16, 36, 31
2020/9/17, 55, 29
2020/9/18, 24, 33
2020/9/19, 36, 36
2020/9/20, 34, 36
2020/9/21, 28, 39
2020/9/22, 51, 37
2020/9/23, 40, 38
2020/9/24, 35, 38
2020/9/25, 36, 33
2020/9/26, 39, 30
2020/9/27, 50, 19
2020/9/28, 23, 15
2020/9/29, 19, 24
2020/9/30, 25, 16
2020/4/1, 36, 36
2020/4/2, 46, 39
2020/4/3, 46, 19
2020/4/4, 36, 35
2020/4/5, 40, 27
2020/4/6, 43, 35
2020/4/7, 44, 35
2020/4/8, 51, 33
2020/4/9, 30, 34
2020/4/10, 26, 37
2020/4/11, 40, 28
2020/4/12, 38, 33
2020/4/13, 30, 35
2020/4/14, 26, 34
2020/4/15, 33, 32
2020/4/16, 42, 30
2020/4/17, 46, 40
2020/4/18, 40, 36
2020/4/19, 38, 36
2020/4/20, 34, 37
2020/4/21, 31, 37
2020/4/22, 28, 36
2020/4/23, 32, 20
2020/4/24, 74, 33
2020/4/25, 39, 36
2020/4/26, 36, 40
2020/4/27, 30, 45
2020/4/28, 33, 31
2020/4/29, 20, 37
2020/4/30, 31, 41
2020/5/1, 52, 41
2020/5/4, 33, 31
2020/5/5, 24, 35
2020/5/6, 28, 39
2020/5/7, 35, 32
2020/5/8, 25, 36
2020/5/9, 26, 27
2020/5/10, 23, 26
2020/5/11, 16, 38
2020/5/12, 31, 31
2020/5/13, 38, 33
2020/5/14, 46, 40
2020/5/15, 24, 45
2020/5/16, 34, 31
2020/5/17, 26, 24
2020/5/18, 15, 27
2020/5/19, 27, 28
2020/5/20, 22, 23
2020/5/21, 28, 35
2020/5/22, 32, 38
2020/5/23, 35, 42
2020/5/24, 36, 33
2020/5/25, 34, 32
2020/5/26, 36, 33
2020/5/27, 30, 39
2020/5/28, 31, 34
2020/5/29, 26, 29
2020/5/30, 25, 38
2020/5/31, 25, 42
2020/6/1, 21, 45
2020/6/2, 41, 37
2020/6/3, 32, 43
2020/6/4, 24, 46
2020/6/5, 32, 57
2020/6/6, 49, 52
2020/6/7, 40, 55
2020/6/8, 29, 34
2020/6/9, 26, 33
2020/6/10, 41, 36
2020/6/11, 26, 45
2020/6/12, 33, 35
2020/6/13, 21, 42
2020/6/14, 31, 43
2020/6/15, 30, 49
2020/6/16, 37, 58
2020/6/17, 38, 59
2020/6/18, 47, 46
2020/6/19, 46, 40
2020/6/20, 46, 41
2020/6/21, 33, 42
2020/6/22, 27, 35
2020/6/23, 17, 34
2020/6/24, 25, 44
2020/6/25, 25, 44
2020/6/26, 36, 35
2020/6/27, 43, 40
2020/6/28, 37, 28
2020/6/29, 59, 30
2020/6/30, 31, 39
2020/1/2, 21, 
2020/1/3, 34, 
2020/1/4, 43, 
2020/1/5, 39, 
2020/1/6, 26, 
2020/1/7, 25, 
2020/1/10, 38, 
2020/1/11, 32, 
2020/1/12, 12, 
2020/1/13, 24, 
2020/1/14, 38, 
2020/1/15, 51, 
2020/1/16, 43, 
2020/1/17, 36, 
2020/1/18, 32, 
2020/1/19, 31, 
2020/1/20, 43, 
2020/1/21, 49, 
2020/1/22, 54, 
2020/1/23, 52, 
2020/1/24, 49, 
2020/1/25, 38, 
2020/1/26, 46, 
2020/1/27, 42, 
2020/1/28, 47, 
2020/1/29, 35, 
2020/1/30, 29, 
2020/1/31, 62, 
2020/2/1, 57, 
2020/2/2, 50, 
2020/2/3, 27, 
2020/2/4, 37, 
2020/2/5, 26, 
2020/2/6, 16, 
2020/2/7, 30, 
2020/2/8, 37, 
2020/2/9, 57, 
2020/2/10, 41, 
2020/2/11, 51, 
2020/2/12, 42, 
2020/2/13, 44, 
2020/2/14, 33, 
2020/2/15, 49, 
2020/2/16, 35, 
2020/2/17, 45, 
2020/2/18, 46, 
2020/2/19, 38, 
2020/2/20, 34, 28
2020/2/21, 27, 29
2020/2/22, 37, 32
2020/2/23, 36, 30
2020/2/24, 49, 24
2020/2/25, 49, 29
2020/2/26, 41, 31
2020/2/27, 19, 29
2020/2/28, 31, 30
2020/2/29, 43, 32
2020/3/1, 29, 37
2020/3/2, 31, 28
2020/3/3, 32, 29
2020/3/4, 43, 5
2020/3/5, 32, 
2020/3/9, 30, 29
2020/3/10, 40, 20
2020/3/11, 50, 20
2020/3/12, 57, 26
2020/3/13, 49, 31
2020/3/14, 29, 30
2020/3/15, 27, 30
2020/3/16, 30, 24
2020/3/17, 47, 30
2020/3/18, 42, 20
2020/3/19, 28, 22
2020/3/20, 20, 24
2020/3/21, 24, 33
2020/3/22, 26, 23
2020/3/23, 35, 34
2020/3/24, 39, 29
2020/3/25, 50, 30
2020/3/26, 39, 21
2020/3/27, 51, 21
2020/3/28, 39, 36
2020/3/29, 26, 37
2020/3/30, 25, 21
2020/3/31, 35, 30
2019/10/1, 43, 22
2019/10/2, 28, 12
2019/10/3, 22, 21
2019/10/4, 25, 25
2019/10/5, 30, 27
2019/10/6, 25, 25
2019/10/7, 31, 32
2019/10/8, 32, 38
2019/10/9, 33, 25
2019/10/10, 40, 22
2019/10/11, 22, 31
2019/10/12, 18, 31
2019/10/13, 24, 26
2019/10/14, 30, 26
2019/10/15, 37, 18
2019/10/16, 27, 24
2019/10/17, 31, 30
2019/10/18, 26, 34
2019/10/19, 35, 28
2019/10/20, 39, 27
2019/10/21, 26, 24
2019/10/22, 26, 32
2019/10/23, 22, 16
2019/10/24, 31, 18
2019/10/25, 31, 14
2019/10/26, 45, 27
2019/10/28, 55, 9
2019/10/29, 51, 18
2019/11/5, 39, 22
2019/11/6, 39, 24
2019/11/7, 33, 24
2019/11/8, 24, 
2019/11/9, 32, 
2019/11/10, 34, 
2019/11/11, 60, 
2019/11/12, 32, 
2019/11/13, 21, 
2019/11/14, 30, 
2019/11/15, 50, 
2019/11/16, 64, 
2019/11/17, 76, 
2019/11/18, 71, 
2019/11/19, 44, 
2019/11/20, 52, 
2019/11/21, 45, 
2019/11/22, 38, 
2019/11/23, 28, 
2019/11/24, 43, 
2019/11/25, 32, 
2019/11/26, 43, 
2019/11/27, 52, 
2019/11/28, 29, 
2019/11/29, 20, 
2019/11/30, 43, 
2019/12/1, 28, 
2019/12/2, 20, 
2019/12/3, 16, 
2019/12/4, 34, 
2019/12/5, 25, 
2019/12/6, 29, 
2019/12/7, 39, 
2019/12/8, 33, 
2019/12/9, 60, 
2019/12/10, 49, 
2019/12/11, 27, 
2019/12/12, 58, 
2019/12/13, 38, 
2019/12/14, 43, 
2019/12/15, 68, 
2019/12/16, 50, 
2019/12/17, 62, 
2019/12/18, 44, 
2019/12/19, 51, 
2019/12/20, 69, 
2019/12/21, 65, 
2019/12/22, 55, 
2019/12/23, 54, 
2019/12/24, 59, 
2019/12/25, 44, 
2019/12/26, 29, 
2019/12/27, 36, 
2019/12/28, 58, 
2019/12/29, 50, 
2019/12/30, 12, 
2019/7/1, 31, 37
2019/7/2, 45, 37
2019/7/3, 29, 38
2019/7/4, 47, 37
2019/7/5, 36, 38
2019/7/6, 34, 36
2019/7/7, 78, 41
2019/7/8, 70, 48
2019/7/9, 54, 43
2019/7/10, 41, 38
2019/7/11, 30, 45
2019/7/12, 33, 46
2019/7/13, 40, 59
2019/7/14, 37, 26
2019/7/15, 46, 26
2019/7/16, 37, 32
2019/7/17, 29, 38
2019/7/18, 32, 38
2019/7/19, 42, 33
2019/7/20, 42, 33
2019/7/21, 34, 31
2019/7/22, 29, 32
2019/7/23, 43, 39
2019/7/24, 49, 41
2019/7/25, 37, 45
2019/7/26, 57, 39
2019/7/27, 51, 37
2019/7/28, 51, 39
2019/7/29, 39, 34
2019/7/30, 25, 35
2019/7/31, 26, 48
2019/8/1, 36, 47
2019/8/2, 39, 49
2019/8/3, 36, 50
2019/8/4, 40, 46
2019/8/5, 44, 47
2019/8/6, 26, 37
2019/8/7, 38, 37
2019/8/8, 36, 38
2019/8/9, 27, 40
2019/8/10, 37, 35
2019/8/11, 42, 31
2019/8/12, 28, 35
2019/8/13, 25, 31
2019/8/14, 28, 28
2019/8/15, 35, 33
2019/8/16, 35, 27
2019/8/17, 20, 36
2019/8/18, 37, 41
2019/8/19, 35, 35
2019/8/20, 30, 29
2019/8/21, 31, 34
2019/8/22, 27, 30
2019/8/23, 26, 32
2019/8/24, 24, 34
2019/8/25, 29, 25
2019/8/26, 20, 29
2019/8/27, 27, 24
2019/8/28, 31, 25
2019/8/29, 30, 25
2019/8/30, 23, 29
2019/8/31, 27, 22
2019/9/1, 35, 32
2019/9/2, 29, 30
2019/9/3, 41, 23
2019/9/4, 30, 30
2019/9/5, 21, 23
2019/9/6, 26, 31
2019/9/7, 34, 22
2019/9/8, 32, 38
2019/9/9, 41, 36
2019/9/10, 47, 40
2019/9/11, 53, 32
2019/9/12, 44, 20
2019/9/13, 26, 30
2019/9/14, 21, 31
2019/9/15, 42, 39
2019/9/16, 50, 38
2019/9/17, 47, 43
2019/9/18, 44, 50
2019/9/19, 45, 46
2019/9/20, 52, 29
2019/9/21, 45, 27
2019/9/22, 35, 24
2019/9/23, 24, 32
2019/9/24, 23, 28
2019/9/25, 39, 30
2019/9/26, 25, 31
2019/9/27, 33, 32
2019/9/28, 25, 24
2019/9/29, 32, 36
2019/9/30, 41, 29
2019/4/1, 22, 39
2019/4/2, 48, 34
2019/4/3, 35, 32
2019/4/4, 36, 27
2019/4/5, 50, 39
2019/4/6, 45, 36
2019/4/7, 43, 42
2019/4/8, 25, 41
2019/4/9, 21, 23
2019/4/10, 22, 39
2019/4/11, 35, 37
2019/4/12, 22, 42
2019/4/13, 22, 32
2019/4/14, 20, 37
2019/4/15, 30, 49
2019/4/16, 42, 44
2019/4/17, 40, 28
2019/4/18, 28, 37
2019/4/19, 17, 39
2019/4/20, 27, 45
2019/4/21, 30, 45
2019/4/22, 35, 22
2019/4/23, 42, 35
2019/4/24, 35, 41
2019/4/25, 59, 39
2019/4/26, 26, 39
2019/4/27, 28, 39
2019/4/28, 28, 29
2019/4/29, 40, 22
2019/4/30, 35, 36
2019/5/1, 22, 22
2019/5/2, 29, 33
2019/5/3, 26, 41
2019/5/4, 32, 47
2019/5/5, 29, 40
2019/5/6, 32, 24
2019/5/7, 44, 43
2019/5/8, 35, 28
2019/5/9, 29, 34
2019/5/10, 24, 32
2019/5/11, 20, 29
2019/5/12, 36, 39
2019/5/13, 34, 42
2019/5/14, 35, 44
2019/5/15, 42, 44
2019/5/16, 50, 42
2019/5/17, 32, 39
2019/5/18, 46, 46
2019/5/19, 26, 19
2019/5/20, 23, 22
2019/5/21, 20, 47
2019/5/22, 41, 39
2019/5/23, 33, 35
2019/5/24, 39, 41
2019/5/25, 26, 38
2019/5/26, 34, 37
2019/5/27, 31, 23
2019/5/28, 46, 38
2019/5/29, 21, 35
2019/5/30, 21, 38
2019/5/31, 29, 46
2019/6/1, 41, 36
2019/6/2, 47, 47
2019/6/3, 35, 48
2019/6/4, 48, 46
2019/6/5, 31, 55
2019/6/6, 38, 51
2019/6/7, 44, 43
2019/6/8, 47, 42
2019/6/9, 45, 36
2019/6/10, 23, 42
2019/6/11, 36, 36
2019/6/12, 35, 32
2019/6/13, 23, 44
2019/6/14, 32, 41
2019/6/15, 48, 39
2019/6/16, 37, 30
2019/6/17, 49, 53
2019/6/18, 41, 40
2019/6/19, 41, 31
2019/6/20, 29, 28
2019/6/21, 38, 43
2019/6/22, 30, 32
2019/6/23, 29, 32
2019/6/24, 17, 41
2019/6/25, 30, 39
2019/6/26, 37, 47
2019/6/27, 32, 41
2019/6/28, 36, 32
2019/6/29, 48, 41
2019/6/30, 34, 42
2019/1/2, 37, 15
2019/1/3, 37, 13
2019/1/4, 32, 17
2019/1/5, 42, 16
2019/1/6, 48, 17
2019/1/7, 47, 24
2019/1/8, 40, 24
2019/1/9, 23, 19
2019/1/10, 23, 19
2019/1/11, 35, 14
2019/1/12, 48, 19
2019/1/13, 61, 25
2019/1/14, 47, 26
2019/1/15, 49, 22
2019/1/16, 35, 18
2019/1/17, 51, 17
2019/1/18, 52, 19
2019/1/19, 64, 28
2019/1/20, 44, 28
2019/1/21, 20, 28
2019/1/22, 39, 22
2019/1/23, 41, 28
2019/1/24, 31, 
2019/2/5, 47, 17
2019/2/6, 53, 10
2019/2/7, 40, 26
2019/2/8, 35, 27
2019/2/9, 29, 25
2019/2/10, 29, 17
2019/2/11, 48, 15
2019/2/12, 45, 32
2019/2/13, 34, 28
2019/2/14, 39, 27
2019/2/15, 28, 27
2019/2/16, 35, 25
2019/2/17, 36, 19
2019/2/18, 49, 29
2019/2/19, 34, 28
2019/2/20, 45, 29
2019/2/21, 35, 32
2019/2/22, 60, 33
2019/2/23, 71, 23
2019/2/24, 61, 40
2019/2/25, 46, 30
2019/2/26, 23, 29
2019/2/27, 39, 30
2019/2/28, 52, 27
2019/3/1, 52, 29
2019/3/2, 60, 37
2019/3/3, 63, 32
2019/3/4, 31, 30
2019/3/5, 44, 33
2019/3/6, 30, 38
2019/3/7, 37, 36
2019/3/8, 54, 33
2019/3/9, 55, 25
2019/3/10, 49, 40
2019/3/11, 41, 43
2019/3/12, 32, 36
2019/3/13, 29, 34
2019/3/14, 38, 35
2019/3/15, 28, 33
2019/3/16, 24, 36
2019/3/17, 30, 38
2019/3/18, 29, 39
2019/3/19, 41, 42
2019/3/20, 47, 32
2019/3/21, 54, 34
2019/3/22, 38, 39
2019/3/23, 29, 40
2019/3/24, 23, 31
2019/3/25, 54, 34
2019/3/26, 32, 37
2019/3/27, 31, 42
2019/3/28, 31, 41
2019/3/29, 65, 27
2019/3/30, 47, 30
2019/3/31, 23, 35
2018/10/1, 40, 11
2018/10/2, 37, 29
2018/10/3, 35, 22
2018/10/4, 21, 17
2018/10/5, 48, 15
2018/10/6, 32, 21
2018/10/7, 30, 29
2018/10/8, 43, 26
2018/10/9, 40, 20
2018/10/10, 23, 21
2018/10/11, 28, 17
2018/10/12, 22, 23
2018/10/13, 35, 22
2018/10/14, 45, 20
2018/10/15, 25, 26
2018/10/16, 25, 24
2018/10/17, 34, 29
2018/10/18, 27, 22
2018/10/19, 29, 27
2018/10/20, 28, 25
2018/10/21, 29, 28
2018/10/22, 34, 22
2018/10/23, 26, 22
2018/10/24, 29, 18
2018/10/25, 32, 9
2018/10/26, 56, 23
2018/10/27, 69, 23
2018/10/29, 38, 26
2018/10/30, 36, 28
2018/10/31, 40, 18
2018/11/1, 41, 22
2018/11/2, 24, 19
2018/11/3, 27, 22
2018/11/4, 40, 21
2018/11/5, 28, 15
2018/11/6, 29, 13
2018/11/7, 24, 16
2018/11/8, 27, 18
2018/11/9, 40, 21
2018/11/10, 41, 21
2018/11/11, 20, 20
2018/11/12, 42, 15
2018/11/13, 49, 23
2018/11/14, 33, 22
2018/11/15, 43, 20
2018/11/16, 66, 18
2018/11/17, 55, 12
2018/11/18, 59, 21
2018/11/19, 42, 20
2018/11/20, 49, 21
2018/11/21, 43, 14
2018/11/22, 56, 18
2018/11/23, 55, 21
2018/11/24, 47, 19
2018/11/25, 43, 11
2018/11/26, 46, 22
2018/11/27, 28, 16
2018/11/28, 40, 16
2018/11/29, 30, 10
2018/11/30, 55, 10
2018/12/1, 80, 22
2018/12/2, 34, 13
2018/12/3, 21, 19
2018/12/4, 20, 20
2018/12/5, 37, 21
2018/12/6, 43, 17
2018/12/7, 45, 18
2018/12/8, 38, 22
2018/12/9, 46, 16
2018/12/10, 70, 15
2018/12/11, 80, 20
2018/12/12, 56, 19
2018/12/13, 48, 11
2018/12/14, 56, 8
2018/12/15, 48, 11
2018/12/16, 65, 16
2018/12/17, 55, 18
2018/12/18, 26, 18
2018/12/19, 39, 21
2018/12/20, 55, 14
2018/12/21, 65, 16
2018/12/22, 29, 16
2018/12/23, 47, 20
2018/12/24, 47, 19
2018/12/25, 30, 27
2018/12/26, 40, 18
2018/12/27, 43, 22
2018/12/28, 37, 15
2018/12/29, 29, 15
2018/12/30, 30, 15
2018/12/31, 48, 
2018/7/1, 54, 34
2018/7/2, 29, 32
2018/7/3, 57, 30
2018/7/4, 37, 30
2018/7/5, 32, 41
2018/7/6, 19, 36
2018/7/7, 24, 46
2018/7/8, 39, 36
2018/7/9, 47, 43
2018/7/10, 46, 44
2018/7/11, 39, 43
2018/7/12, 51, 49
2018/7/13, 63, 36
2018/7/14, 43, 36
2018/7/15, 37, 34
2018/7/16, 36, 34
2018/7/17, 32, 32
2018/7/18, 36, 35
2018/7/19, 35, 34
2018/7/20, 31, 35
2018/7/21, 43, 27
2018/7/22, 39, 35
2018/7/23, 48, 37
2018/7/24, 51, 32
2018/7/25, 28, 27
2018/7/26, 33, 25
2018/7/27, 24, 32
2018/7/28, 41, 30
2018/7/29, 38, 31
2018/7/30, 29, 35
2018/7/31, 45, 36
2018/8/1, 44, 35
2018/8/2, 46, 44
2018/8/3, 44, 42
2018/8/4, 43, 36
2018/8/5, 44, 29
2018/8/6, 47, 26
2018/8/7, 33, 35
2018/8/8, 35, 35
2018/8/9, 45, 37
2018/8/10, 55, 34
2018/8/11, 50, 38
2018/8/12, 61, 36
2018/8/13, 61, 39
2018/8/14, 63, 23
2018/8/15, 60, 32
2018/8/16, 39, 33
2018/8/17, 33, 34
2018/8/18, 49, 35
2018/8/19, 53, 32
2018/8/20, 44, 26
2018/8/21, 50, 25
2018/8/22, 49, 37
2018/8/23, 51, 27
2018/8/24, 57, 32
2018/8/25, 65, 37
2018/8/26, 60, 38
2018/8/27, 57, 37
2018/8/28, 38, 28
2018/8/29, 26, 31
2018/8/30, 30, 36
2018/8/31, 42, 28
2018/9/1, 34, 25
2018/9/2, 26, 25
2018/9/3, 34, 28
2018/9/4, 28, 31
2018/9/6, 37, 7
2018/9/7, 26, 20
2018/9/10, 13, 37
2018/9/12, 40, 40
2018/9/13, 34, 41
2018/9/14, 36, 46
2018/9/15, 38, 31
2018/9/16, 46, 36
2018/9/17, 34, 38
2018/9/18, 49, 40
2018/9/19, 38, 40
2018/9/20, 54, 26
2018/9/21, 35, 26
2018/9/22, 29, 30
2018/9/23, 26, 20
2018/9/24, 32, 24
2018/9/25, 33, 26
2018/9/26, 25, 30
2018/9/27, 36, 25
2018/9/28, 25, 20
2018/9/29, 26, 30
2018/9/30, 40, 28
2018/4/1, 22, 35
2018/4/2, 40, 31
2018/4/3, 26, 28
2018/4/4, 38, 32
2018/4/5, 27, 33
2018/4/6, 39, 32
2018/4/7, 26, 34
2018/4/8, 38, 32
2018/4/9, 47, 37
2018/4/10, 49, 37
2018/4/11, 48, 44
2018/4/12, 43, 32
2018/4/13, 48, 25
2018/4/14, 31, 27
2018/4/15, 21, 34
2018/4/16, 25, 44
2018/4/17, 28, 28
2018/4/18, 38, 39
2018/4/19, 27, 42
2018/4/20, 33, 41
2018/4/21, 28, 40
2018/4/22, 35, 35
2018/4/23, 32, 37
2018/4/24, 55, 38
2018/4/25, 41, 43
2018/4/26, 31, 40
2018/4/27, 35, 36
2018/4/28, 28, 41
2018/4/29, 20, 46
2018/4/30, 31, 48
2018/5/1, 47, 37
2018/5/2, 51, 29
2018/5/3, 31, 43
2018/5/4, 35, 52
2018/5/5, 46, 45
2018/5/6, 41, 45
2018/5/7, 32, 50
2018/5/8, 35, 45
2018/5/9, 41, 46
2018/5/10, 43, 48
2018/5/11, 38, 18
2018/5/12, 51, 30
2018/5/13, 68, 39
2018/5/14, 47, 38
2018/5/15, 39, 50
2018/5/16, 37, 50
2018/5/17, 51, 31
2018/5/18, 48, 47
2018/5/19, 46, 31
2018/5/20, 46, 33
2018/5/21, 42, 37
2018/5/22, 28, 46
2018/5/23, 42, 56
2018/5/24, 25, 50
2018/5/25, 53, 57
2018/5/26, 39, 63
2018/5/27, 49, 57
2018/5/28, 49, 45
2018/5/29, 51, 39
2018/5/30, 36, 47
2018/5/31, 35, 58
2018/6/1, 36, 39
2018/6/2, 38, 41
2018/6/3, 22, 42
2018/6/4, 34, 49
2018/6/5, 37, 50
2018/6/6, 43, 48
2018/6/7, 51, 48
2018/6/8, 58, 41
2018/6/9, 47, 40
2018/6/10, 36, 31
2018/6/11, 35, 37
2018/6/12, 32, 38
2018/6/13, 36, 47
2018/6/14, 26, 42
2018/6/15, 49, 42
2018/6/16, 57, 37
2018/6/17, 51, 28
2018/6/18, 51, 29
2018/6/19, 41, 34
2018/6/20, 30, 34
2018/6/21, 26, 27
2018/6/22, 30, 29
2018/6/23, 39, 33
2018/6/24, 41, 35
2018/6/25, 40, 38
2018/6/26, 31, 38
2018/6/27, 39, 40
2018/6/28, 34, 31
2018/6/29, 35, 33
2018/6/30, 47, 29
2018/1/2, 41, 23
2018/1/3, 50, 25
2018/1/4, 39, 25
2018/1/5, 40, 26
2018/1/6, 40, 23
2018/1/7, 44, 21
2018/1/8, 46, 18
2018/1/9, 72, 13
2018/1/10, 62, 21
2018/1/11, 32, 20
2018/1/12, 31, 23
2018/1/13, 24, 26
2018/1/14, 25, 23
2018/1/15, 26, 20
2018/1/16, 45, 17
2018/1/17, 39, 21
2018/1/18, 50, 22
2018/1/19, 52, 20
2018/1/20, 58, 19
2018/1/21, 53, 15
2018/1/22, 48, 27
2018/1/23, 34, 24
2018/1/24, 24, 23
2018/1/25, 46, 26
2018/1/26, 44, 33
2018/1/27, 37, 26
2018/1/28, 55, 25
2018/1/29, 55, 20
2018/1/30, 58, 23
2018/1/31, 29, 20
2018/2/1, 37, 23
2018/2/2, 34, 25
2018/2/3, 27, 23
2018/2/4, 22, 28
2018/2/5, 43, 24
2018/2/6, 29, 24
2018/2/7, 59, 28
2018/2/8, 67, 25
2018/2/9, 67, 25
2018/2/10, 60, 29
2018/2/11, 38, 32
2018/2/12, 40, 34
2018/2/13, 63, 26
2018/2/14, 63, 12
2018/2/15, 60, 20
2018/2/16, 39, 28
2018/2/17, 40, 21
2018/2/18, 43, 25
2018/2/19, 41, 21
2018/2/20, 26, 23
2018/2/21, 27, 24
2018/2/22, 35, 22
2018/2/23, 34, 14
2018/2/24, 28, 15
2018/2/25, 44, 32
2018/2/26, 29, 32
2018/2/27, 32, 38
2018/2/28, 25, 27
2018/3/1, 38, 24
2018/3/2, 39, 32
2018/3/3, 36, 33
2018/3/4, 20, 32
2018/3/5, 18, 24
2018/3/6, 21, 25
2018/3/7, 28, 30
2018/3/8, 23, 31
2018/3/9, 38, 33
2018/3/10, 31, 34
2018/3/11, 32, 30
2018/3/12, 33, 34
2018/3/13, 41, 32
2018/3/14, 33, 34
2018/3/15, 32, 39
2018/3/16, 53, 30
2018/3/17, 31, 24
2018/3/18, 42, 38
2018/3/19, 48, 34
2018/3/20, 34, 28
2018/3/21, 31, 31
2018/3/22, 27, 38
2018/3/23, 40, 37
2018/3/24, 35, 30
2018/3/25, 30, 26
2018/3/26, 43, 22
2018/3/27, 46, 19
2018/3/28, 53, 21
2018/3/29, 62, 32
2018/3/30, 47, 29
2018/3/31, 37, 31
2017/10/1, 29, 34
2017/10/2, 41, 28
2017/10/3, 36, 18
2017/10/4, 34, 26
2017/10/5, 24, 32
2017/10/6, 43, 32
2017/10/7, 35, 35
2017/10/8, 25, 33
2017/10/9, 36, 25
2017/10/10, 44, 16
2017/10/11, 17, 19
2017/10/12, 23, 31
2017/10/13, 38, 32
2017/10/14, 55, 23
2017/10/15, 19, 27
2017/10/16, 30, 32
2017/10/17, 29, 38
2017/10/18, 35, 41
2017/10/19, 54, 41
2017/10/20, 61, 32
2017/10/21, 43, 24
2017/10/22, 24, 19
2017/10/23, 14, 19
2017/10/24, 22, 22
2017/10/25, 27, 30
2017/10/26, 32, 20
2017/10/27, 21, 22
2017/10/28, 21, 29
2017/10/30, 29, 21
2017/10/31, 28, 25
2017/11/1, 23, 15
2017/11/2, 36, 9
2017/11/3, 47, 18
2017/11/4, 46, 10
2017/11/5, 54, 12
2017/11/6, 44, 16
2017/11/7, 40, 18
2017/11/8, 40, 26
2017/11/9, 43, 24
2017/11/10, 45, 25
2017/11/11, 24, 19
2017/11/12, 40, 14
2017/11/13, 63, 20
2017/11/14, 56, 23
2017/11/15, 55, 20
2017/11/16, 46, 13
2017/11/17, 33, 18
2017/11/18, 52, 15
2017/11/19, 40, 22
2017/11/20, 39, 26
2017/11/21, 32, 20
2017/11/22, 43, 22
2017/11/23, 29, 21
2017/11/24, 41, 26
2017/11/25, 42, 25
2017/11/26, 27, 23
2017/11/27, 40, 27
2017/11/28, 46, 28
2017/11/29, 43, 19
2017/11/30, 28, 23
2017/12/1, 41, 22
2017/12/2, 34, 23
2017/12/3, 46, 28
2017/12/4, 53, 28
2017/12/5, 57, 24
2017/12/6, 30, 23
2017/12/7, 27, 20
2017/12/8, 22, 22
2017/12/9, 25, 22
2017/12/10, 41, 18
2017/12/11, 35, 16
2017/12/12, 48, 23
2017/12/13, 22, 18
2017/12/14, 36, 23
2017/12/15, 30, 23
2017/12/16, 29, 24
2017/12/17, 44, 23
2017/12/18, 38, 16
2017/12/19, 49, 18
2017/12/20, 49, 21
2017/12/21, 32, 12
2017/12/22, 52, 9
2017/12/23, 77, 21
2017/12/24, 55, 27
2017/12/25, 46, 28
2017/12/26, 27, 29
2017/12/27, 21, 23
2017/12/28, 38, 20
2017/12/29, 42, 14
2017/12/30, 65, 28
2017/12/31, 44, 25
2018/1/1, 39, 24
2017/7/4, 49, 39
2017/7/5, 46, 40
2017/7/6, 45, 24
2017/7/7, 42, 39
2017/7/8, 40, 29
2017/7/9, 38, 38
2017/7/10, 32, 35
2017/7/11, 31, 34
2017/7/12, 37, 33
2017/7/13, 42, 33
2017/7/14, 25, 25
2017/7/15, 28, 30
2017/7/16, 31, 32
2017/7/17, 33, 35
2017/7/18, 40, 40
2017/7/19, 50, 48
2017/7/20, 42, 
2017/7/21, 41, 35
2017/7/22, 34, 34
2017/7/23, 28, 36
2017/7/24, 32, 35
2017/7/25, 29, 37
2017/7/26, 39, 42
2017/7/27, 41, 38
2017/7/28, 39, 39
2017/7/29, 40, 28
2017/7/30, 36, 35
2017/7/31, 40, 32
2017/8/1, 50, 36
2017/8/2, 46, 42
2017/8/3, 42, 36
2017/8/4, 30, 23
2017/8/5, 25, 28
2017/8/6, 33, 20
2017/8/7, 33, 34
2017/8/8, 41, 31
2017/8/9, 48, 39
2017/8/10, 41, 40
2017/8/11, 28, 30
2017/8/12, 32, 30
2017/8/13, 37, 29
2017/8/14, 38, 38
2017/8/15, 51, 33
2017/8/16, 42, 29
2017/8/17, 36, 30
2017/8/18, 41, 32
2017/8/19, 42, 40
2017/8/20, 54, 41
2017/8/21, 38, 29
2017/8/22, 25, 29
2017/8/23, 39, 26
2017/8/24, 38, 31
2017/8/25, 28, 31
2017/8/26, 40, 41
2017/8/27, 44, 44
2017/8/28, 38, 41
2017/8/29, 33, 41
2017/8/30, 40, 39
2017/8/31, 39, 35
2017/9/1, 50, 25
2017/9/2, 30, 35
2017/9/3, 46, 33
2017/9/4, 55, 35
2017/9/9, 19, 27
2017/9/10, 36, 34
2017/9/11, 28, 32
2017/9/12, 39, 41
2017/9/13, 42, 23
2017/9/14, 39, 45
2017/9/15, 42, 41
2017/9/16, 52, 42
2017/9/17, 48, 36
2017/9/18, 37, 36
2017/9/19, 33, 37
2017/9/20, 37, 34
2017/9/21, 55, 33
2017/9/22, 45, 35
2017/9/23, 50, 44
2017/9/24, 55, 47
2017/9/25, 53, 46
2017/9/26, 49, 43
2017/9/27, 34, 24
2017/9/28, 30, 30
2017/9/29, 29, 33
2017/9/30, 38, 29
2017/4/4, 25, 26
2017/4/5, 21, 31
2017/4/6, 19, 29
2017/4/7, 23, 34
2017/4/8, 38, 40
2017/4/9, 41, 41
2017/4/10, 42, 34
2017/4/11, 33, 23
2017/4/12, 38, 37
2017/4/13, 45, 40
2017/4/14, 35, 35
2017/4/15, 54, 43
2017/4/16, 37, 34
2017/4/17, 25, 41
2017/4/18, 25, 43
2017/4/19, 30, 35
2017/4/20, 39, 26
2017/4/21, 21, 27
2017/4/22, 22, 36
2017/4/23, 31, 44
2017/4/24, 27, 46
2017/4/25, 36, 43
2017/4/26, 23, 36
2017/4/27, 20, 25
2017/4/28, 33, 18
2017/4/29, 36, 25
2017/4/30, 35, 34
2017/5/1, 13, 28
2017/5/2, 12, 36
2017/5/3, 21, 35
2017/5/4, 30, 37
2017/5/5, 32, 35
2017/5/6, 27, 33
2017/5/8, 34, 39
2017/5/9, 44, 41
2017/5/10, 42, 40
2017/5/11, 36, 44
2017/5/12, 42, 46
2017/5/13, 39, 47
2017/5/14, 36, 46
2017/5/15, 44, 47
2017/5/16, 54, 47
2017/5/17, 53, 41
2017/5/18, 37, 44
2017/5/19, 18, 13
2017/5/20, 35, 31
2017/5/21, 16, 27
2017/5/22, 24, 41
2017/5/23, 24, 30
2017/5/24, 30, 33
2017/5/25, 41, 29
2017/5/26, 42, 34
2017/5/27, 38, 43
2017/5/28, 31, 36
2017/5/29, 25, 39
2017/5/30, 23, 34
2017/5/31, 24, 37
2017/6/1, 32, 46
2017/6/2, 38, 56
2017/6/3, 52, 52
2017/6/4, 55, 46
2017/6/5, 30, 60
2017/6/6, 18, 38
2017/6/7, 20, 34
2017/6/8, 31, 47
2017/6/9, 35, 51
2017/6/10, 36, 54
2017/6/11, 49, 45
2017/6/12, 47, 43
2017/6/13, 42, 37
2017/6/14, 13, 29
2017/6/15, 38, 49
2017/6/16, 35, 47
2017/6/17, 26, 37
2017/6/18, 21, 34
2017/6/19, 33, 36
2017/6/20, 30, 41
2017/6/21, 33, 39
2017/6/22, 40, 27
2017/6/23, 24, 38
2017/6/24, 29, 30
2017/6/25, 37, 25
2017/6/26, 32, 30
2017/6/27, 30, 32
2017/6/28, 40, 43
2017/6/29, 28, 40
2017/6/30, 35, 30
2017/1/3, 56, 21
2017/1/4, 39, 25
2017/1/5, 13, 24
2017/1/6, 25, 20
2017/1/7, 41, 24
2017/1/8, 40, 22
2017/1/9, 29, 24
2017/1/10, 42, 23
2017/1/11, 39, 15
2017/1/12, 45, 24
2017/1/13, 44, 23
2017/1/14, 36, 16
2017/1/15, 63, 11
2017/1/16, 84, 8
2017/1/17, 63, 16
2017/1/18, 25, 24
2017/1/19, 37, 10
2017/1/20, 51, 9
2017/1/21, 35, 26
2017/1/22, 38, 16
2017/1/23, 38, 12
2017/1/24, 37, 22
2017/1/25, 30, 14
2017/1/26, 37, 19
2017/1/27, 23, 20
2017/1/28, 40, 23
2017/1/29, 49, 27
2017/1/30, 25, 25
2017/1/31, 29, 27
2017/2/1, 21, 25
2017/2/2, 22, 25
2017/2/3, 23, 26
2017/2/4, 30, 25
2017/2/5, 23, 20
2017/2/6, 52, 13
2017/2/7, 64, 20
2017/2/8, 50, 22
2017/2/9, 30, 27
2017/2/10, 26, 23
2017/2/11, 39, 29
2017/2/12, 60, 31
2017/2/13, 47, 30
2017/2/14, 27, 26
2017/2/15, 27, 30
2017/2/16, 20, 27
2017/2/17, 28, 35
2017/2/18, 30, 33
2017/2/19, 54, 30
2017/2/20, 65, 33
2017/2/21, 61, 33
2017/2/22, 37, 26
2017/2/23, 65, 13
2017/2/24, 44, 22
2017/2/25, 32, 26
2017/2/26, 28, 28
2017/2/27, 34, 34
2017/2/28, 46, 21
2017/3/1, 40, 25
2017/3/2, 36, 18
2017/3/3, 44, 29
2017/3/4, 27, 30
2017/3/5, 37, 30
2017/3/6, 37, 28
2017/3/7, 24, 33
2017/3/8, 43, 33
2017/3/9, 23, 28
2017/3/10, 25, 30
2017/3/11, 23, 29
2017/3/12, 24, 30
2017/3/13, 28, 27
2017/3/14, 34, 31
2017/3/15, 21, 32
2017/3/16, 26, 34
2017/3/17, 31, 26
2017/3/18, 42, 24
2017/3/19, 25, 30
2017/3/20, 30, 26
2017/3/21, 39, 30
2017/3/22, 36, 34
2017/3/23, 21, 24
2017/3/24, 28, 40
2017/3/25, 52, 35
2017/3/26, 28, 16
2017/3/27, 22, 25
2017/3/28, 34, 26
2017/3/29, 30, 20
2017/3/30, 20, 25
2016/11/16, 65, 13
2016/11/17, 57, 21
2016/11/18, 55, 37
2016/11/19, 38, 28
2016/11/20, 19, 23
2016/11/21, 28, 24
2016/11/22, 30, 22
2016/11/23, 39, 20
2016/11/24, 44, 17
2016/11/25, 54, 15
2016/11/26, 54, 16
2016/11/27, 47, 17
2016/11/28, 55, 20
2016/11/29, 30, 25
2016/11/30, 25, 21
2016/12/1, 18, 12
2016/12/2, 19, 11
2016/12/3, 21, 22
2016/12/4, 25, 20
2016/12/5, 41, 15
2016/12/6, 30, 19
2016/12/7, 43, 12
2016/12/8, 18, 16
2016/12/9, 26, 16
2016/12/10, 22, 18
2016/12/11, 34, 15
2016/12/12, 41, 18
2016/12/13, 55, 15
2016/12/14, 42, 24
2016/12/15, 36, 24
2016/12/16, 18, 23
2016/12/17, 25, 17
2016/12/18, 48, 21
2016/12/19, 32, 25
2016/12/20, 36, 24
2016/12/21, 38, 22
2016/12/22, 53, 17
2016/12/23, 33, 23
2016/12/24, 48, 16
2016/12/25, 59, 18
2016/12/26, 49, 14
2016/12/27, 19, 29
2016/12/28, 21, 20
2016/12/29, 26, 20
2016/12/30, 15, 25
2016/12/31, 19, 24
2017/1/1, 33, 22
2017/1/2, 48, 22
2023/4/26, , 46
2021/6/9, , 45
2021/6/10, , 47
2021/6/11, , 46
2021/6/12, , 43
2021/6/13, , 44
2021/6/14, , 39
2021/6/15, , 36
2020/5/2, , 36
2020/5/3, , 24
2020/3/8, , 38
2019/10/30, , 15
2019/10/31, , 19
2019/11/1, , 21
2019/11/2, , 20
2019/11/3, , 27
2019/11/4, , 21
2019/1/1, , 15
2019/2/4, , 16
2018/9/5, , 17
2018/9/8, , 29
2018/9/9, , 30
2018/9/11, , 39
2017/7/1, , 32
2017/7/2, , 39
2017/7/3, , 47
2017/4/1, , 33
2017/4/2, , 33
2017/4/3, , 21
2017/5/7, , 36
2017/3/31, , 38
2016/10/1, , 9
2016/10/2, , 24
2016/10/3, , 31
2016/10/4, , 36
2016/10/5, , 40
2016/10/6, , 37
2016/10/7, , 24
2016/10/8, , 29
2016/10/9, , 31
2016/10/10, , 35
2016/10/11, , 40
2016/10/12, , 23
2016/10/13, , 22
2016/10/14, , 27
2016/10/17, , 31
2016/10/18, , 28
2016/10/19, , 27
2016/10/20, , 14
2016/10/21, , 20
2016/10/22, , 27
2016/10/23, , 36
2016/10/24, , 27
2016/10/25, , 20
2016/10/26, , 22
2016/10/27, , 15
2016/10/28, , 27
2016/10/29, , 33
2016/10/31, , 15
2016/11/1, , 19
2016/11/2, , 38
2016/11/3, , 22
2016/11/4, , 25
2016/11/5, , 25
2016/11/8, , 32
2016/11/9, , 23
2016/11/10, , 24
2016/11/11, , 13
2016/7/1, , 33
2016/7/2, , 23
2016/7/3, , 33
2016/7/4, , 29
2016/7/5, , 34
2016/7/6, , 36
2016/7/7, , 33
2016/7/8, , 37
2016/7/9, , 32
2016/7/10, , 38
2016/7/11, , 38
2016/7/12, , 41
2016/7/13, , 33
2016/7/14, , 31
2016/7/15, , 26
2016/7/16, , 31
2016/7/17, , 34
2016/7/18, , 33
2016/7/19, , 35
2016/7/20, , 34
2016/7/21, , 34
2016/7/22, , 37
2016/7/23, , 37
2016/7/24, , 33
2016/7/25, , 33
2016/7/26, , 39
2016/7/27, , 43
2016/7/28, , 34
2016/7/29, , 30
2016/7/30, , 33
2016/7/31, , 34
2016/8/1, , 33
2016/8/2, , 36
2016/8/3, , 41
2016/8/4, , 42
2016/8/5, , 33
2016/8/6, , 27
2016/8/7, , 35
2016/8/8, , 41
2016/8/9, , 43
2016/8/10, , 45
2016/8/11, , 40
2016/8/12, , 27
2016/8/13, , 26
2016/8/14, , 29
2016/8/15, , 17
2016/8/16, , 31
2016/8/17, , 30
2016/8/18, , 35
2016/8/19, , 30
2016/8/20, , 29
2016/8/21, , 21
2016/8/22, , 27
2016/8/23, , 34
2016/8/24, , 29
2016/8/25, , 31
2016/8/26, , 35
2016/8/27, , 32
2016/8/28, , 32
2016/8/29, , 33
2016/8/30, , 28
2016/8/31, , 26
2016/9/1, , 27
2016/9/2, , 27
2016/9/3, , 31
2016/9/4, , 37
2016/9/5, , 37
2016/9/6, , 28
2016/9/7, , 28
2016/9/8, , 23
2016/9/9, , 18
2016/9/10, , 24
2016/9/11, , 28
2016/9/12, , 36
2016/9/13, , 35
2016/9/14, , 24
2016/9/15, , 36
2016/9/16, , 30
2016/9/17, , 29
2016/9/18, , 31
2016/9/19, , 41
2016/9/20, , 37
2016/9/21, , 43
2016/9/22, , 52
2016/9/23, , 45
2016/9/24, , 46
2016/9/25, , 36
2016/9/26, , 30
2016/9/27, , 32
2016/9/28, , 15
2016/9/29, , 23
2016/9/30, , 15
2016/4/1, , 25
2016/4/2, , 34
2016/4/3, , 40
2016/4/4, , 28
2016/4/5, , 35
2016/4/6, , 28
2016/4/7, , 32
2016/4/8, , 29
2016/4/9, , 34
2016/4/10, , 27
2016/4/11, , 31
2016/4/12, , 37
2016/4/13, , 42
2016/4/14, , 45
2016/4/15, , 47
2016/4/16, , 50
2016/4/17, , 58
2016/4/18, , 53
2016/4/19, , 40
2016/4/20, , 36
2016/4/21, , 35
2016/4/22, , 30
2016/4/23, , 38
2016/4/24, , 44
2016/4/25, , 46
2016/4/26, , 29
2016/4/28, , 27
2016/4/29, , 24
2016/4/30, , 20
2016/5/1, , 24
2016/5/2, , 31
2016/5/3, , 34
2016/5/4, , 32
2016/5/5, , 35
2016/5/6, , 45
2016/5/7, , 33
2016/5/8, , 37
2016/5/9, , 34
2016/5/10, , 40
2016/5/11, , 38
2016/5/12, , 31
2016/5/13, , 34
2016/5/14, , 34
2016/5/15, , 35
2016/5/16, , 37
2016/5/17, , 34
2016/5/18, , 40
2016/5/19, , 49
2016/5/20, , 42
2016/5/21, , 50
2016/5/22, , 51
2016/5/23, , 52
2016/5/24, , 53
2016/5/25, , 39
2016/5/26, , 44
2016/5/27, , 31
2016/5/28, , 28
2016/5/29, , 43
2016/5/30, , 44
2016/5/31, , 39
2016/6/1, , 42
2016/6/2, , 46
2016/6/3, , 48
2016/6/4, , 40
2016/6/5, , 36
2016/6/6, , 51
2016/6/7, , 34
2016/6/8, , 44
2016/6/9, , 49
2016/6/10, , 44
2016/6/11, , 48
2016/6/12, , 40
2016/6/13, , 49
2016/6/14, , 42
2016/6/15, , 50
2016/6/16, , 36
2016/6/17, , 47
2016/6/18, , 58
2016/6/19, , 63
2016/6/20, , 41
2016/6/21, , 48
2016/6/22, , 41
2016/6/23, , 40
2016/6/24, , 47
2016/6/25, , 51
2016/6/26, , 37
2016/6/27, , 44
2016/6/28, , 31
2016/6/29, , 41
2016/6/30, , 40
2016/1/5, , 23
2016/1/6, , 21
2016/1/7, , 21
2016/1/8, , 18
2016/1/9, , 20
2016/1/10, , 18
2016/1/11, , 27
2016/1/12, , 19
2016/1/13, , 24
2016/1/14, , 20
2016/1/15, , 36
2016/1/16, , 33
2016/1/17, , 24
2016/1/18, , 26
2016/1/19, , 25
2016/1/20, , 24
2016/1/21, , 23
2016/1/22, , 21
2016/1/23, , 18
2016/1/24, , 22
2016/1/25, , 28
2016/1/26, , 24
2016/1/28, , 27
2016/1/29, , 24
2016/1/30, , 24
2016/1/31, , 21
2016/2/1, , 25
2016/2/2, , 26
2016/2/3, , 18
2016/2/4, , 26
2016/2/5, , 26
2016/2/6, , 23
2016/2/7, , 27
2016/2/8, , 27
2016/2/9, , 24
2016/2/10, , 27
2016/2/11, , 28
2016/2/12, , 28
2016/2/13, , 31
2016/2/14, , 31
2016/2/15, , 24
2016/2/16, , 20
2016/2/17, , 26
2016/2/18, , 28
2016/2/19, , 24
2016/2/20, , 35
2016/2/21, , 31
2016/2/22, , 20
2016/2/23, , 26
2016/2/24, , 30
2016/2/25, , 27
2016/2/26, , 28
2016/2/27, , 24
2016/2/28, , 30
2016/2/29, , 39
2016/3/1, , 30
2016/3/2, , 29
2016/3/3, , 30
2016/3/4, , 22
2016/3/5, , 30
2016/3/6, , 19
2016/3/7, , 25
2016/3/8, , 34
2016/3/9, , 33
2016/3/10, , 24
2016/3/11, , 16
2016/3/12, , 27
2016/3/13, , 18
2016/3/14, , 14
2016/3/15, , 23
2016/3/16, , 41
2016/3/17, , 31
2016/3/18, , 31
2016/3/19, , 25
2016/3/20, , 29
2016/3/21, , 30
2016/3/22, , 34
2016/3/23, , 37
2016/3/24, , 31
2016/3/25, , 30
2016/3/26, , 35
2016/3/27, , 31
2016/3/28, , 33
2016/3/29, , 38
2016/3/30, , 31
2016/3/31, , 30
2015/10/1, , 25
2015/10/2, , 24
2015/10/3, , 18
2015/10/4, , 12
2015/10/5, , 15
2015/10/6, , 9
2015/10/8, , 30
2015/10/9, , 22
2015/10/10, , 31
2015/10/11, , 36
2015/10/12, , 31
2015/10/13, , 23
2015/10/14, , 12
2015/10/15, , 33
2015/10/16, , 27
2015/10/17, , 28
2015/10/18, , 32
2015/10/19, , 36
2015/10/20, , 43
2015/10/21, , 42
2015/10/22, , 32
2015/10/23, , 22
2015/10/24, , 22
2015/10/26, , 26
2015/10/27, , 29
2015/10/28, , 14
2015/10/29, , 15
2015/10/30, , 17
2015/10/31, , 24
2015/11/1, , 18
2015/11/2, , 23
2015/11/3, , 31
2015/11/4, , 21
2015/11/5, , 28
2015/11/6, , 21
2015/11/7, , 18
2015/11/8, , 25
2015/11/9, , 28
2015/11/10, , 29
2015/11/11, , 34
2015/11/12, , 23
2015/11/13, , 23
2015/11/14, , 25
2015/11/15, , 28
2015/11/16, , 32
2015/11/17, , 22
2015/11/18, , 25
2015/11/19, , 27
2015/11/20, , 26
2015/11/21, , 30
2015/11/22, , 26
2015/11/23, , 25
2015/11/24, , 19
2015/11/25, , 20
2015/11/26, , 27
2015/11/27, , 28
2015/11/28, , 22
2015/11/29, , 21
2015/11/30, , 21
2015/12/1, , 15
2015/12/2, , 23
2015/12/3, , 20
2015/12/4, , 15
2015/12/5, , 14
2015/12/6, , 14
2015/12/7, , 18
2015/12/8, , 21
2015/12/9, , 29
2015/12/10, , 20
2015/12/11, , 20
2015/12/12, , 18
2015/12/13, , 19
2015/12/14, , 24
2015/12/15, , 32
2015/12/16, , 12
2015/12/17, , 19
2015/12/18, , 21
2015/12/19, , 26
2015/12/20, , 19
2015/12/21, , 25
2015/12/22, , 23
2015/12/23, , 17
2015/12/24, , 26
2015/12/25, , 22
2015/12/26, , 19
2015/12/27, , 15
2015/12/28, , 22
2015/12/29, , 23
2015/12/30, , 23
2015/12/31, , 25
2016/1/1, , 25
2016/1/4, , 26
2015/7/1, , 31
2015/7/2, , 40
2015/7/3, , 39
2015/7/4, , 47
2015/7/5, , 47
2015/7/6, , 35
2015/7/7, , 34
2015/7/8, , 26
2015/7/9, , 30
2015/7/10, , 40
2015/7/11, , 26
2015/7/12, , 30
2015/7/13, , 28
2015/7/14, , 34
2015/7/15, , 29
2015/7/16, , 36
2015/7/17, , 36
2015/7/21, , 29
2015/7/22, , 39
2015/7/23, , 44
2015/7/24, , 45
2015/7/25, , 34
2015/7/26, , 33
2015/7/27, , 31
2015/7/28, , 33
2015/7/29, , 29
2015/7/30, , 32
2015/7/31, , 35
2015/8/1, , 34
2015/8/2, , 36
2015/8/3, , 28
2015/8/4, , 33
2015/8/5, , 36
2015/8/6, , 37
2015/8/7, , 39
2015/8/8, , 32
2015/8/9, , 29
2015/8/10, , 29
2015/8/11, , 24
2015/8/12, , 29
2015/8/13, , 34
2015/8/14, , 35
2015/8/15, , 38
2015/8/16, , 43
2015/8/17, , 38
2015/8/18, , 30
2015/8/19, , 27
2015/8/20, , 28
2015/8/21, , 37
2015/8/22, , 41
2015/8/23, , 24
2015/8/24, , 27
2015/8/25, , 31
2015/8/26, , 26
2015/8/27, , 16
2015/8/29, , 36
2015/8/30, , 34
2015/8/31, , 40
2015/9/1, , 39
2015/9/2, , 37
2015/9/3, , 34
2015/9/4, , 37
2015/9/5, , 40
2015/9/6, , 49
2015/9/7, , 38
2015/9/8, , 29
2015/9/9, , 34
2015/9/10, , 32
2015/9/11, , 23
2015/9/12, , 26
2015/9/13, , 31
2015/9/14, , 38
2015/9/15, , 44
2015/9/16, , 47
2015/9/17, , 38
2015/9/18, , 29
2015/9/19, , 23
2015/9/20, , 27
2015/9/21, , 35
2015/9/22, , 44
2015/9/23, , 48
2015/9/24, , 46
2015/9/25, , 51
2015/9/26, , 34
2015/9/27, , 27
2015/9/28, , 13
2015/9/29, , 24
2015/9/30, , 26
2015/4/1, , 42
2015/4/2, , 31
2015/4/3, , 24
2015/4/4, , 35
2015/4/5, , 38
2015/4/6, , 30
2015/4/7, , 10
2015/4/8, , 26
2015/4/9, , 29
2015/4/10, , 36
2015/4/11, , 40
2015/4/12, , 36
2015/4/13, , 35
2015/4/14, , 40
2015/4/15, , 42
2015/4/16, , 36
2015/4/17, , 48
2015/4/18, , 53
2015/4/19, , 27
2015/4/20, , 25
2015/4/21, , 34
2015/4/22, , 35
2015/4/23, , 36
2015/4/24, , 38
2015/4/25, , 34
2015/4/26, , 37
2015/4/27, , 38
2015/4/28, , 43
2015/4/29, , 41
2015/4/30, , 31
2015/5/1, , 40
2015/5/2, , 51
2015/5/3, , 51
2015/5/4, , 38
2015/5/5, , 49
2015/5/6, , 49
2015/5/7, , 44
2015/5/8, , 31
2015/5/9, , 30
2015/5/10, , 40
2015/5/11, , 31
2015/5/12, , 35
2015/5/13, , 37
2015/5/14, , 32
2015/5/15, , 34
2015/5/16, , 27
2015/5/17, , 37
2015/5/18, , 32
2015/5/19, , 22
2015/5/20, , 30
2015/5/21, , 43
2015/5/22, , 50
2015/5/23, , 53
2015/5/24, , 39
2015/5/25, , 40
2015/5/26, , 39
2015/5/27, , 39
2015/5/28, , 47
2015/5/29, , 37
2015/5/30, , 28
2015/5/31, , 20
2015/6/1, , 27
2015/6/2, , 44
2015/6/3, , 45
2015/6/4, , 39
2015/6/5, , 47
2015/6/6, , 42
2015/6/7, , 37
2015/6/8, , 43
2015/6/9, , 55
2015/6/10, , 48
2015/6/11, , 50
2015/6/12, , 36
2015/6/13, , 34
2015/6/14, , 28
2015/6/15, , 32
2015/6/16, , 39
2015/6/17, , 18
2015/6/18, , 21
2015/6/19, , 33
2015/6/20, , 38
2015/6/21, , 36
2015/6/22, , 27
2015/6/23, , 40
2015/6/24, , 33
2015/6/25, , 38
2015/6/26, , 36
2015/6/27, , 34
2015/6/28, , 36
2015/6/29, , 40
2015/6/30, , 43
2015/1/16, , 22
2015/1/17, , 19
2015/1/18, , 25
2015/1/19, , 23
2015/1/27, , 7
2015/1/28, , 15
2015/1/29, , 22
2015/1/30, , 16
2015/1/31, , 24
2015/2/1, , 16
2015/2/2, , 29
2015/2/3, , 30
2015/2/4, , 22
2015/2/5, , 27
2015/2/6, , 27
2015/2/7, , 23
2015/2/8, , 28
2015/2/9, , 30
2015/2/10, , 25
2015/2/11, , 28
2015/2/12, , 23
2015/2/13, , 30
2015/2/14, , 20
2015/2/15, , 31
2015/2/16, , 28
2015/2/17, , 27
2015/2/18, , 28
2015/2/19, , 29
2015/2/20, , 29
2015/2/21, , 26
2015/2/22, , 25
2015/2/23, , 31
2015/2/24, , 31
2015/2/25, , 27
2015/2/26, , 29
2015/2/27, , 30
2015/2/28, , 30
2015/3/1, , 33
2015/3/2, , 36
2015/3/3, , 35
2015/3/4, , 31
2015/3/5, , 35
2015/3/6, , 34
2015/3/7, , 39
2015/3/8, , 36
2015/3/9, , 36
2015/3/10, , 37
2015/3/11, , 28
2015/3/12, , 18
2015/3/14, , 29
2015/3/15, , 31
2015/3/16, , 36
2015/3/17, , 39
2015/3/18, , 31
2015/3/19, , 32
2015/3/20, , 34
2015/3/21, , 27
2015/3/22, , 32
2015/3/23, , 33
2015/3/24, , 24
2015/3/25, , 26
2015/3/26, , 16
2015/3/27, , 30
2015/3/28, , 33
2015/3/29, , 31
2015/3/30, , 36
2015/3/31, , 38